Date,QQQ_Close,SMA_50,SMA_200,ATR,Signal,Action,TQQQ_Shares,SQQQ_Shares,Cash,Portfolio_Value
4/5/22,361.1,349.0082,369.2337,7.096192857,100% Cash,Hold Cash (100%),0,0,10000,10000
4/6/22,353.26,349.1712,369.26215,7.316235714,100% Cash,Hold,0,0,10000,10000
4/7/22,354.1,349.3618,369.29395,7.13195,100% Cash,Hold,0,0,10000,10000
4/8/22,349.15,349.5228,369.29025,7.038735714,100% Cash,Hold,0,0,10000,10000
4/11/22,340.89,349.3046,369.2474,7.099092857,100% Cash,Hold,0,0,10000,10000
4/12/22,339.45,348.8326,369.1761,7.368021429,100% Cash,Hold,0,0,10000,10000
4/13/22,346.35,348.4492,369.1329,7.386871429,100% Cash,Hold,0,0,10000,10000
4/14/22,338.43,347.848,369.0529,7.603571429,100% Cash,Hold,0,0,10000,10000
4/18/22,338.69,347.5508,368.9735,7.482785714,100% Cash,Hold,0,0,10000,10000
4/19/22,346.26,347.3158,368.9116,7.6935,100% Cash,Hold,0,0,10000,10000
4/20/22,341.21,347.0374,368.8167,7.834928571,100% Cash,Hold,0,0,10000,10000
4/21/22,334.15,346.538,368.6827,8.459928571,100% SQQQ,Buy SQQQ (100%),0,9.56937799,0,10000
4/22/22,325.4,345.7114,368.51585,8.8585,100% SQQQ,Hold,0,9.56937799,0,10799.04306
4/25/22,329.58,345.1344,368.3587,8.859214286,100% SQQQ,Hold,0,9.56937799,0,10377.99043
4/26/22,317.14,344.536,368.1323,9.098857143,100% SQQQ,Hold,0,9.56937799,0,11531.10048
4/27/22,316.76,343.9214,367.904,8.908857143,100% SQQQ,Hold,0,9.56937799,0,11593.30144
4/28/22,328.01,343.359,367.7287,9.299571429,100% SQQQ,Hold,0,9.56937799,0,10370.8134
4/29/22,313.25,342.5032,367.49235,10.00028571,100% SQQQ,Hold,0,9.56937799,0,11729.66507
5/2/22,318.48,341.9638,367.29675,10.03314286,100% SQQQ,Hold,0,9.56937799,0,11157.89474
5/3/22,318.82,341.51,367.1175,9.714214286,100% SQQQ,Hold,0,9.56937799,0,11131.57895
5/4/22,329.6,341.3404,366.97155,10.28771429,100% SQQQ,Hold,0,9.56937799,0,9997.607656
5/5/22,313,341.012,366.72875,11.08914286,100% SQQQ,Hold,0,9.56937799,0,11471.29187
5/6/22,309.25,340.3872,366.45525,11.42742857,100% SQQQ,Hold,0,9.56937799,0,11916.26794
5/9/22,297.15,339.4148,366.1,11.69590714,100% SQQQ,Hold,0,9.56937799,0,13303.82775
5/10/22,300.76,338.494,365.76135,11.80947857,100% SQQQ,Hold,0,9.56937799,0,12834.92823
5/11/22,291.84,337.501,365.3984,11.70019286,100% SQQQ,Hold,0,9.56937799,0,13978.4689
5/12/22,291.15,336.3796,365.025,11.71519286,100% SQQQ,Hold,0,9.56937799,0,14057.41627
5/13/22,301.94,335.5732,364.7023,12.02797857,100% SQQQ,Hold,0,9.56937799,0,12545.45455
5/16/22,298.44,334.796,364.37165,11.48547857,100% SQQQ,Hold,0,9.56937799,0,12930.62201
5/17/22,306.17,334.4222,364.0795,11.50262143,100% SQQQ,Hold,0,9.56937799,0,11949.76077
5/18/22,291.14,333.778,363.70115,11.73047857,100% SQQQ,Hold,0,9.56937799,0,13686.60287
5/19/22,289.58,332.8698,363.31235,11.11619286,100% SQQQ,Hold,0,9.56937799,0,13937.79904
5/20/22,288.68,332.018,362.9074,11.43869286,100% SQQQ,Hold,0,9.56937799,0,14050.23923
5/23/22,293.48,331.3996,362.53455,11.53797857,100% SQQQ,Hold,0,9.56937799,0,13351.67464
5/24/22,287.24,330.781,362.1271,11.16876429,100% SQQQ,Hold,0,9.56937799,0,14196.17225
5/25/22,291.26,330.0432,361.7492,10.30519286,100% SQQQ,Hold,0,9.56937799,0,13612.44019
5/26/22,299.33,329.2234,361.4148,10.36126429,100% SQQQ,Hold,0,9.56937799,0,12478.4689
5/27/22,309.1,328.5166,361.12265,10.09635714,100% SQQQ,Hold,0,9.56937799,0,11246.41148
5/31/22,308.28,327.6524,360.81995,9.939928571,100% SQQQ,Hold,0,9.56937799,0,11318.18182
6/1/22,306,326.7708,360.50505,9.6385,100% SQQQ,Hold,0,9.56937799,0,11602.87081
6/2/22,314.38,325.9192,360.2483,9.663492857,100% SQQQ,Hold,0,9.56937799,0,10645.93301
6/3/22,306.2,325.0066,359.96825,9.49285,100% SQQQ,Hold,0,9.56937799,0,11473.68421
6/6/22,307.22,323.958,359.68455,9.607135714,100% SQQQ,Hold,0,9.56937799,0,11351.67464
6/7/22,309.87,322.9684,359.39525,9.597235714,100% SQQQ,Hold,0,9.56937799,0,11064.5933
6/8/22,307.64,321.823,359.0673,8.785092857,100% SQQQ,Hold,0,9.56937799,0,11291.86603
6/9/22,299.4,320.3872,358.69245,9.000092857,100% SQQQ,Hold,0,9.56937799,0,12208.13397
6/10/22,288.84,318.8222,358.26265,8.816235714,100% SQQQ,Hold,0,9.56937799,0,13521.5311
6/13/22,275.41,317.0796,357.7776,9.368378571,100% SQQQ,Hold,0,9.56937799,0,15361.24402
6/14/22,275.91,315.3608,357.27695,8.946414286,100% SQQQ,Hold,0,9.56937799,0,15270.33493
6/15/22,282.8,313.6308,356.78965,9.162842857,100% SQQQ,Hold,0,9.56937799,0,14155.50239
6/16/22,271.39,311.8366,356.24685,9.359271429,100% SQQQ,Hold,0,9.56937799,0,15811.00478
6/17/22,274.69,310.2652,355.7174,9.127707143,100% SQQQ,Hold,0,9.56937799,0,15301.43541
6/21/22,281.08,308.8048,355.2208,9.253421429,100% SQQQ,Hold,0,9.56937799,0,14157.89474
6/22/22,280.67,307.4352,354.7163,9.135564286,100% SQQQ,Hold,0,9.56937799,0,14208.13397
6/23/22,284.85,306.3144,354.23,8.724857143,100% SQQQ,Hold,0,9.56937799,0,13600.47847
6/24/22,294.61,305.4176,353.79915,8.777,100% SQQQ,Hold,0,9.56937799,0,12203.34928
6/27/22,292.45,304.3396,353.36405,8.674135714,100% SQQQ,Hold,0,9.56937799,0,12440.19139
6/28/22,283.54,303.2418,352.8988,8.982607143,100% SQQQ,Hold,0,9.56937799,0,13581.33971
6/29/22,283.8,302.144,352.43615,8.950464286,100% SQQQ,Hold,0,9.56937799,0,13552.63158
6/30/22,280.28,300.8244,351.96125,8.832185714,100% SQQQ,Hold,0,9.56937799,0,14076.55502
7/1/22,282.13,299.6428,351.48165,8.438185714,100% SQQQ,Hold,0,9.56937799,0,13784.689
7/5/22,286.96,298.699,351.0249,8.153892857,100% SQQQ,Hold,0,9.56937799,0,13076.55502
7/6/22,288.8,297.967,350.59975,8.156571429,100% SQQQ,Hold,0,9.56937799,0,12834.92823
7/7/22,294.98,297.275,350.24615,7.869428571,100% SQQQ,Hold,0,9.56937799,0,12028.70813
7/8/22,295.35,296.8392,349.89215,7.305857143,100% SQQQ,Hold,0,9.56937799,0,11971.29187
7/11/22,289.04,296.2848,349.4895,7.34385,100% SQQQ,Hold,0,9.56937799,0,12736.84211
7/12/22,286.24,295.4494,349.0558,7.265992857,100% SQQQ,Hold,0,9.56937799,0,13105.26316
7/13/22,285.65,294.8974,348.6174,7.320278571,100% SQQQ,Hold,0,9.56937799,0,13186.60287
7/14/22,286.67,294.2612,348.199,7.488135714,100% SQQQ,Hold,0,9.56937799,0,13045.45455
7/15/22,291.87,293.7222,347.859,7.139564286,100% SQQQ,Hold,0,9.56937799,0,12354.06699
7/18/22,289.4,292.9182,347.5096,7.330285714,100% SQQQ,Hold,0,9.56937799,0,12653.11005
7/19/22,298.3,292.6242,347.2113,7.108857143,100% Cash,"Sell SQQQ, Hold Cash (100%)",0,0,11519.13876,11519.13876
7/20/22,303.03,292.4998,346.92555,7.237935714,100% Cash,Hold,0,0,11519.13876,11519.13876
7/21/22,307.38,292.7044,346.69935,7.130142857,100% Cash,Hold,0,0,11519.13876,11519.13876
7/22/22,301.99,292.729,346.4224,7.339785714,100% Cash,Hold,0,0,11519.13876,11519.13876
7/25/22,300.27,292.8976,346.1254,6.90765,100% Cash,Hold,0,0,11519.13876,11519.13876
7/26/22,294.37,292.962,345.7824,7.005507143,100% Cash,Hold,0,0,11519.13876,11519.13876
7/27/22,306.81,293.0594,345.51065,7.524792857,100% Cash,Hold,0,0,11519.13876,11519.13876
7/28/22,309.81,293.2868,345.26775,7.669185714,100% Cash,Hold,0,0,11519.13876,11519.13876
7/29/22,315.46,293.4726,345.05935,7.624185714,100% Cash,Hold,0,0,11519.13876,11519.13876
8/1/22,315.27,293.9552,344.8357,7.5249,100% Cash,Hold,0,0,11519.13876,11519.13876
8/2/22,314.33,294.4502,344.5742,7.43025,100% Cash,Hold,0,0,11519.13876,11519.13876
8/3/22,322.89,295.1344,344.34395,7.547328571,100% Cash,Hold,0,0,11519.13876,11519.13876
8/4/22,324.4,295.7528,344.1027,7.450185714,100% Cash,Hold,0,0,11519.13876,11519.13876
8/5/22,321.75,296.443,343.8341,7.3109,100% Cash,Hold,0,0,11519.13876,11519.13876
8/8/22,320.71,297.032,343.56275,7.172328571,100% Cash,Hold,0,0,11519.13876,11519.13876
8/9/22,317.08,297.387,343.2618,7.099678571,100% Cash,Hold,0,0,11519.13876,11519.13876
8/10/22,325.93,297.7236,343.02095,7.277892857,100% Cash,Hold,0,0,11519.13876,11519.13876
8/11/22,324.08,298.0396,342.7517,7.175392857,100% Cash,Hold,0,0,11519.13876,11519.13876
8/12/22,330.39,298.5274,342.50805,7.334321429,100% Cash,Hold,0,0,11519.13876,11519.13876
8/15/22,333.06,298.901,342.27335,7.151121429,100% Cash,Hold,0,0,11519.13876,11519.13876
8/16/22,332.28,299.4226,342.01365,6.514757143,100% Cash,Hold,0,0,11519.13876,11519.13876
8/17/22,328.49,299.848,341.72555,6.391078571,100% Cash,Hold,0,0,11519.13876,11519.13876
8/18/22,329.28,300.2362,341.4348,6.185364286,100% Cash,Hold,0,0,11519.13876,11519.13876
8/19/22,322.86,300.5406,341.10385,6.251078571,100% Cash,Hold,0,0,11519.13876,11519.13876
8/22/22,314.36,300.8398,340.70975,6.438585714,100% Cash,Hold,0,0,11519.13876,11519.13876
8/23/22,314.1,301.345,340.28915,6.029364286,100% Cash,Hold,0,0,11519.13876,11519.13876
8/24/22,315.01,302.137,339.8712,6.024364286,100% Cash,Hold,0,0,11519.13876,11519.13876
8/25/22,320.58,303.0304,339.4838,5.994364286,100% Cash,Hold,0,0,11519.13876,11519.13876
8/26/22,307.44,303.5232,339.0444,6.487221429,100% Cash,Hold,0,0,11519.13876,11519.13876
8/29/22,304.41,304.1836,338.6189,6.406507143,100% Cash,Hold,0,0,11519.13876,11519.13876
8/30/22,301.02,304.7102,338.17105,6.345078571,100% Cash,Hold,0,0,11519.13876,11519.13876
8/31/22,299.27,305.074,337.6939,6.255792857,100% Cash,Hold,0,0,11519.13876,11519.13876
9/1/22,299.4,305.4486,337.21785,6.279007143,100% Cash,Hold,0,0,11519.13876,11519.13876
9/2/22,295.17,305.655,336.7066,6.712207143,100% Cash,Hold,0,0,11519.13876,11519.13876
9/6/22,293.05,305.6238,336.1837,6.745714286,100% Cash,Hold,0,0,11519.13876,11519.13876
9/7/22,298.97,305.7542,335.6698,6.818571429,100% Cash,Hold,0,0,11519.13876,11519.13876
9/8/22,300.52,306.0938,335.15245,7.012857143,100% Cash,Hold,0,0,11519.13876,11519.13876
9/9/22,307.09,306.5596,334.6914,7.004285714,100% Cash,Hold,0,0,11519.13876,11519.13876
9/12/22,310.74,307.1688,334.2577,6.622857143,100% Cash,Hold,0,0,11519.13876,11519.13876
9/13/22,293.7,307.4002,333.7324,7.643214286,100% Cash,Hold,0,0,11519.13876,11519.13876
9/14/22,296.03,307.5816,333.25655,7.6425,100% Cash,Hold,0,0,11519.13876,11519.13876
9/15/22,291.1,307.6276,332.7136,7.748214286,100% Cash,Hold,0,0,11519.13876,11519.13876
9/16/22,289.32,307.5144,332.1911,7.128214286,100% Cash,Hold,0,0,11519.13876,11519.13876
9/19/22,291.05,307.4284,331.71075,7.200357143,100% Cash,Hold,0,0,11519.13876,11519.13876
9/20/22,288.73,307.4222,331.20485,6.943214286,100% Cash,Hold,0,0,11519.13876,11519.13876
9/21/22,283.56,307.3686,330.707,7.284642857,100% Cash,Hold,0,0,11519.13876,11519.13876
9/22/22,280.07,307.257,330.17635,7.135714286,100% SQQQ,Buy SQQQ (100%),0,8.583560921,0,11519.13876
9/23/22,275.51,307.0338,329.56475,6.98,100% SQQQ,Hold,0,8.583560921,0,12072.77844
9/26/22,274.37,306.6838,328.93855,6.994285714,100% SQQQ,Hold,0,8.583560921,0,12225.13664
9/27/22,274.48,306.3854,328.3423,7.077142857,100% SQQQ,Hold,0,8.583560921,0,12216.55308
9/28/22,279.94,306.0182,327.75195,7.211785714,100% SQQQ,Hold,0,8.583560921,0,11519.13876
9/29/22,271.87,305.395,327.15,7.498928571,100% SQQQ,Hold,0,8.583560921,0,12478.35169
9/30/22,267.26,304.5926,326.5453,7.791785714,100% SQQQ,Hold,0,8.583560921,0,13158.59889
10/3/22,273.53,304.0234,325.9277,7.073571429,100% SQQQ,Hold,0,8.583560921,0,12225.13664
10/4/22,282.13,303.6606,325.40415,7.462857143,100% SQQQ,Hold,0,8.583560921,0,11085.66893
10/5/22,281.98,303.4128,324.8895,7.557142857,100% SQQQ,Hold,0,8.583560921,0,11074.93948
10/6/22,279.76,302.8718,324.38485,7.505,100% SQQQ,Hold,0,8.583560921,0,11366.78055
10/7/22,269.1,302.0576,323.7843,7.994285714,100% SQQQ,Hold,0,8.583560921,0,12675.77359
10/10/22,266.41,301.0766,323.1466,8.092142857,100% SQQQ,Hold,0,8.583560921,0,13074.90917
10/11/22,262.75,300.0262,322.47575,7.811428571,100% SQQQ,Hold,0,8.583560921,0,13562.02626
10/12/22,262.66,298.9928,321.77165,7.716071429,100% SQQQ,Hold,0,8.583560921,0,13594.21461
10/13/22,268.82,297.9114,321.1077,8.2775,100% SQQQ,Hold,0,8.583560921,0,12684.35715
10/14/22,260.74,296.6382,320.40365,8.6875,100% SQQQ,Hold,0,8.583560921,0,13815.2413
10/17/22,269.35,295.5902,319.74865,8.7875,100% SQQQ,Hold,0,8.583560921,0,12446.16334
10/18/22,271.48,294.6056,319.1168,8.799285714,100% SQQQ,Hold,0,8.583560921,0,12143.59281
10/19/22,270.49,293.6738,318.46085,8.407142857,100% SQQQ,Hold,0,8.583560921,0,12265.90856
10/20/22,269.11,292.5374,317.82405,8.323571429,100% SQQQ,Hold,0,8.583560921,0,12486.93525
10/21/22,275.42,291.5642,317.2797,8.412528571,100% SQQQ,Hold,0,8.583560921,0,11604.97437
10/24/22,278.45,290.5254,316.75185,8.277528571,100% SQQQ,Hold,0,8.583560921,0,11210.13056
10/25/22,284.21,289.5484,316.2736,8.156814286,100% SQQQ,Hold,0,8.583560921,0,10538.46692
10/26/22,277.93,288.4614,315.7627,8.301814286,100% SQQQ,Hold,0,8.583560921,0,11227.29768
10/27/22,272.87,287.349,315.19795,7.867492857,100% SQQQ,Hold,0,8.583560921,0,11845.31407
10/28/22,281.22,286.3878,314.6673,8.123064286,100% SQQQ,Hold,0,8.583560921,0,10768.07718
10/31/22,277.95,285.4896,314.16875,8.025207143,100% SQQQ,Hold,0,8.583560921,0,11137.17029
11/1/22,275.11,284.7046,313.64425,8.305207143,100% SQQQ,Hold,0,8.583560921,0,11478.36684
11/2/22,265.68,283.7362,313.1199,8.068778571,100% SQQQ,Hold,0,8.583560921,0,12669.33592
11/3/22,260.49,282.6458,312.58995,7.633778571,100% SQQQ,Hold,0,8.583560921,0,13401.08449
11/4/22,264.68,281.5278,312.10475,7.493064286,100% SQQQ,Hold,0,8.583560921,0,12778.77632
11/7/22,267.59,280.7308,311.68425,7.214492857,100% SQQQ,Hold,0,8.583560921,0,12373.20307
11/8/22,269.54,280.0334,311.26545,7.33735,100% SQQQ,Hold,0,8.583560921,0,12102.8209
11/9/22,263.32,279.2794,310.8565,7.308064286,100% SQQQ,Hold,0,8.583560921,0,12954.73932
11/10/22,282.75,278.949,310.5474,8.064107143,100% Cash,"Sell SQQQ, Hold Cash (100%)",0,0,10102.8512,10102.8512
11/11/22,287.96,278.7202,310.2817,8.065535714,100% Cash,Hold,0,0,10102.8512,10102.8512
11/14/22,285.44,278.5256,309.9499,7.928035714,100% Cash,Hold,0,0,10102.8512,10102.8512
11/15/22,289.39,278.4524,309.5816,8.002321429,100% Cash,Hold,0,0,10102.8512,10102.8512
11/16/22,285.44,278.1818,309.1812,7.926914286,100% Cash,Hold,0,0,10102.8512,10102.8512
11/17/22,284.81,277.8676,308.7628,7.638407143,100% Cash,Hold,0,0,10102.8512,10102.8512
11/18/22,284.82,277.4222,308.41915,7.669757143,100% Cash,Hold,0,0,10102.8512,10102.8512
11/21/22,281.89,276.8452,308.03855,7.416185714,100% Cash,Hold,0,0,10102.8512,10102.8512
11/22/22,285.95,276.6902,307.69265,6.919757143,100% Cash,Hold,0,0,10102.8512,10102.8512
11/23/22,288.82,276.546,307.34115,6.783328571,100% Cash,Hold,0,0,10102.8512,10102.8512
11/25/22,286.92,276.4624,306.9421,6.4169,100% Cash,Hold,0,0,10102.8512,10102.8512
11/28/22,282.71,276.3302,306.5635,6.4619,100% Cash,Hold,0,0,10102.8512,10102.8512
11/29/22,280.57,276.1206,306.23105,6.2369,100% Cash,Hold,0,0,10102.8512,10102.8512
11/30/22,293.36,276.2132,305.9604,6.736185714,100% Cash,Hold,0,0,10102.8512,10102.8512
12/1/22,293.72,276.4164,305.64835,5.674757143,100% Cash,Hold,0,0,10102.8512,10102.8512
12/2/22,292.55,276.666,305.3309,5.525471429,100% Cash,Hold,0,0,10102.8512,10102.8512
12/5/22,287.64,276.9086,305.04185,5.641542857,100% Cash,Hold,0,0,10102.8512,10102.8512
12/6/22,281.68,277.0548,304.7427,5.610471429,100% Cash,Hold,0,0,10102.8512,10102.8512
12/7/22,280.53,277.1758,304.45495,5.532335714,100% Cash,Hold,0,0,10102.8512,10102.8512
12/8/22,283.85,277.254,304.2271,5.493128571,100% Cash,Hold,0,0,10102.8512,10102.8512
12/9/22,282.04,277.4574,303.93485,5.377492857,100% Cash,Hold,0,0,10102.8512,10102.8512
12/12/22,285.58,277.8238,303.6339,5.427492857,100% Cash,Hold,0,0,10102.8512,10102.8512
12/13/22,288.65,278.1262,303.34315,5.830707143,100% Cash,Hold,0,0,10102.8512,10102.8512
12/14/22,286.51,278.2138,303.06825,6.155707143,100% Cash,Hold,0,0,10102.8512,10102.8512
12/15/22,276.89,278.112,302.7166,6.758564286,100% Cash,Hold,0,0,10102.8512,10102.8512
12/16/22,274.25,278.0018,302.37655,6.755707143,100% Cash,Hold,0,0,10102.8512,10102.8512
12/19/22,269.75,278.0148,302.0388,6.868564286,100% Cash,Hold,0,0,10102.8512,10102.8512
12/20/22,269.54,278.0774,301.7622,6.216421429,100% Cash,Hold,0,0,10102.8512,10102.8512
12/21/22,273.45,278.2914,301.5127,6.24285,100% Cash,Hold,0,0,10102.8512,10102.8512
12/22/22,266.76,278.3734,301.17155,6.64535,100% Cash,Hold,0,0,10102.8512,10102.8512
12/23/22,267.36,278.3442,300.852,6.51035,100% Cash,Hold,0,0,10102.8512,10102.8512
12/27/22,263.58,278.401,300.5479,6.292135714,100% Cash,Hold,0,0,10102.8512,10102.8512
12/28/22,260.1,278.216,300.25755,6.431428571,100% Cash,Hold,0,0,10102.8512,10102.8512
12/29/22,266.44,278.1152,299.949,6.5925,100% Cash,Hold,0,0,10102.8512,10102.8512
12/30/22,266.28,278.031,299.5788,6.599642857,100% SQQQ,Buy SQQQ (100%),0,7.48220789,0,10102.8512
1/3/23,264.48,277.9384,299.179,6.852857143,100% SQQQ,Hold,0,7.48220789,0,10316.09413
1/4/23,265.74,277.7448,298.75025,6.3975,100% SQQQ,Hold,0,7.48220789,0,10177.67328
1/5/23,261.58,277.4074,298.30775,6.130357143,100% SQQQ,Hold,0,7.48220789,0,10649.05238
1/6/23,268.8,277.0992,297.86695,6.041785714,100% SQQQ,Hold,0,7.48220789,0,9801.692336
1/9/23,270.54,276.9514,297.4605,6.136785714,100% SQQQ,Hold,0,7.48220789,0,9592.190515
1/10/23,272.83,276.9506,297.0264,6.008928571,100% SQQQ,Hold,0,7.48220789,0,9358.371519
1/11/23,277.55,276.8772,296.6174,6.041785714,100% Cash,"Sell SQQQ, Hold Cash (100%)",0,0,8877.639662,8877.639662
1/12/23,279.05,276.8992,296.1881,6.121785714,100% Cash,Hold,0,0,8877.639662,8877.639662
1/13/23,280.97,277.0164,295.737,5.697785714,100% Cash,Hold,0,0,8877.639662,8877.639662
1/17/23,281.54,277.3336,295.30925,5.609142857,100% Cash,Hold,0,0,8877.639662,8877.639662
1/18/23,277.88,277.6814,294.88595,5.801285714,100% Cash,Hold,0,0,8877.639662,8877.639662
1/19/23,275.15,277.8908,294.45245,5.676285714,100% Cash,Hold,0,0,8877.639662,8877.639662
1/20/23,282.68,278.1926,294.01935,5.716642857,100% Cash,Hold,0,0,8877.639662,8877.639662
1/23/23,288.96,278.581,293.65865,5.958071429,100% Cash,Hold,0,0,8877.639662,8877.639662
1/24/23,288.37,279.082,293.3342,5.582714286,100% Cash,Hold,0,0,8877.639662,8877.639662
1/25/23,287.73,279.1816,293.00235,5.744857143,100% Cash,Hold,0,0,8877.639662,8877.639662
1/26/23,293.34,279.2892,292.7233,5.838428571,100% TQQQ,Buy TQQQ (100%),782.8606404,0,0,8877.639662
1/27/23,296.26,279.5056,292.50015,5.608428571,100% TQQQ,Hold,782.8606404,0,0,9132.06937
1/30/23,290.27,279.5232,292.25425,5.599857143,100% Cash,"Sell TQQQ, Hold Cash (100%)",0,0,8584.066922,8584.066922
1/31/23,294.62,279.7068,291.9956,5.639142857,100% TQQQ,Buy TQQQ (100%),749.3729308,0,0,8584.066922
2/1/23,300.92,280.029,291.80805,6.089142857,100% TQQQ,Hold,749.3729308,0,0,9138.602891
2/2/23,311.72,280.567,291.6732,6.546285714,100% TQQQ,Hold,749.3729308,0,0,10082.81278
2/3/23,306.18,281.0528,291.4728,6.745642857,100% TQQQ,Hold,749.3729308,0,0,9561.998596
2/6/23,303.59,281.4056,291.2847,6.795,100% TQQQ,Hold,749.3729308,0,0,9318.452394
2/7/23,309.88,281.8268,291.16335,6.915714286,100% TQQQ,Hold,749.3729308,0,0,9895.469551
2/8/23,304.37,282.1758,291.0582,7.074285714,100% TQQQ,Hold,749.3729308,0,0,9363.41477
2/9/23,301.68,282.5552,290.9187,7.14,100% TQQQ,Hold,749.3729308,0,0,9112.374838
2/10/23,299.7,282.9378,290.8315,6.918571429,100% TQQQ,Hold,749.3729308,0,0,8925.031605
2/13/23,304.5,283.1606,290.7702,7.106428571,100% TQQQ,Hold,749.3729308,0,0,9348.427311
2/14/23,306.75,283.4212,290.6639,7.079285714,100% TQQQ,Hold,749.3729308,0,0,9550.758002
2/15/23,309.1,283.7522,290.64315,7.027857143,100% TQQQ,Hold,749.3729308,0,0,9764.329288
2/16/23,303.3,284.0654,290.56725,6.997142857,100% TQQQ,Hold,749.3729308,0,0,9206.046454
2/17/23,301.16,284.455,290.47895,6.913571429,100% TQQQ,Hold,749.3729308,0,0,9007.462628
2/21/23,294.03,284.725,290.3011,7.11,100% TQQQ,Hold,749.3729308,0,0,8374.242501
2/22/23,294.25,284.933,290.20735,6.586421429,100% TQQQ,Hold,749.3729308,0,0,8381.736231
2/23/23,296.82,285.2286,290.1452,6.073564286,100% TQQQ,Hold,749.3729308,0,0,8591.560651
2/24/23,291.85,285.354,290.1187,5.996421429,100% TQQQ,Hold,749.3729308,0,0,8156.924351
2/27/23,293.94,285.4598,290.0846,6.044992857,100% TQQQ,Hold,749.3729308,0,0,8333.02699
2/28/23,293.56,285.6008,290.0932,5.64885,100% TQQQ,Hold,749.3729308,0,0,8291.811479
3/1/23,291.2,285.887,290.09345,5.471707143,100% TQQQ,Hold,749.3729308,0,0,8089.480788
3/2/23,293.61,286.2742,290.0518,5.276707143,100% TQQQ,Hold,749.3729308,0,0,8284.31775
3/3/23,299.68,286.8728,290.058,5.410992857,100% TQQQ,Hold,749.3729308,0,0,8790.144478
3/6/23,300.02,287.4824,290.02725,5.33385,100% TQQQ,Hold,749.3729308,0,0,8827.613124
3/7/23,296.34,287.9402,290.05325,5.225278571,100% TQQQ,Hold,749.3729308,0,0,8497.889035
3/8/23,297.82,288.5614,290.09445,5.116707143,100% TQQQ,Hold,749.3729308,0,0,8614.041839
3/9/23,292.66,289.0674,290.11435,5.345285714,100% TQQQ,Hold,749.3729308,0,0,8160.671216
3/10/23,288.55,289.5668,290.0897,5.471714286,100% Cash,"Sell TQQQ, Hold Cash (100%)",0,0,7823.453397,7823.453397
3/13/23,290.69,290.1786,290.10695,5.615285714,100% TQQQ,Buy TQQQ (100%),733.5633753,0,0,7823.453397
3/14/23,297.37,290.7972,290.1375,5.861007143,100% TQQQ,Hold,733.5633753,0,0,8355.286844
3/15/23,298.93,291.4502,290.1355,5.89315,100% TQQQ,Hold,733.5633753,0,0,8476.324801
3/16/23,306.81,292.2968,290.12405,6.12315,100% TQQQ,Hold,733.5633753,0,0,9147.535289
3/17/23,305.36,293.0892,290.10945,6.204578571,100% TQQQ,Hold,733.5633753,0,0,9011.826065
3/20/23,305.97,293.977,290.1093,6.285007143,100% TQQQ,Hold,733.5633753,0,0,9107.189304
3/21/23,310.34,294.8078,290.0891,6.363578571,100% TQQQ,Hold,733.5633753,0,0,9492.310076
3/22/23,306.12,295.5194,290.0887,6.595007143,100% TQQQ,Hold,733.5633753,0,0,9052.172051
3/23/23,309.75,296.2578,290.10135,6.717864286,100% TQQQ,Hold,733.5633753,0,0,9374.939936
3/24/23,310.89,296.9246,290.10645,6.697864286,100% TQQQ,Hold,733.5633753,0,0,9470.303175
3/27/23,308.76,297.5188,290.11205,6.663578571,100% TQQQ,Hold,733.5633753,0,0,9275.90888
3/28/23,307.12,298.0418,290.15065,6.694721429,100% TQQQ,Hold,733.5633753,0,0,9121.860571
3/29/23,312.72,298.6654,290.27005,6.486142857,100% TQQQ,Hold,733.5633753,0,0,9620.683666
3/30/23,315.68,299.4214,290.4714,6.245428571,100% TQQQ,Hold,733.5633753,0,0,9881.098665
3/31/23,320.93,300.337,290.6965,5.980428571,100% TQQQ,Hold,733.5633753,0,0,10365.25049
4/3/23,320.15,301.0864,290.88325,5.713992857,100% TQQQ,Hold,733.5633753,0,0,10291.89415
4/4/23,319.07,301.6886,291.12165,5.555057143,100% TQQQ,Hold,733.5633753,0,0,10189.19528
4/5/23,315.92,302.2396,291.3278,5.198628571,100% TQQQ,Hold,733.5633753,0,0,9862.75958
4/6/23,318.05,302.846,291.51265,5.195057143,100% TQQQ,Hold,733.5633753,0,0,10060.82169
4/10/23,317.87,303.3366,291.69865,5.231485714,100% TQQQ,Hold,733.5633753,0,0,10038.81479
4/11/23,315.83,303.728,291.85355,5.070771429,100% TQQQ,Hold,733.5633753,0,0,9844.420496
4/12/23,313.04,304.1834,291.9457,4.8247,100% TQQQ,Hold,733.5633753,0,0,9584.005498
4/13/23,319.17,304.6744,292.0793,4.723271429,100% TQQQ,Hold,733.5633753,0,0,10134.17803
4/14/23,318.57,305.0274,292.25445,4.773985714,100% TQQQ,Hold,733.5633753,0,0,10075.49296
4/17/23,318.84,305.1698,292.42965,4.656121429,100% TQQQ,Hold,733.5633753,0,0,10086.49641
4/18/23,318.86,305.4234,292.62255,4.641407143,100% TQQQ,Hold,733.5633753,0,0,10093.83204
4/19/23,318.71,305.7258,292.80545,4.447121429,100% TQQQ,Hold,733.5633753,0,0,10071.82514
4/20/23,316.28,305.8538,292.95205,4.497121429,100% TQQQ,Hold,733.5633753,0,0,9837.084862
4/21/23,316.61,306.0986,293.0911,4.334978571,100% TQQQ,Hold,733.5633753,0,0,9855.423947
4/24/23,315.95,306.384,293.19595,4.369921429,100% TQQQ,Hold,733.5633753,0,0,9796.738877
4/25/23,309.99,306.5898,293.26915,4.531,100% TQQQ,Hold,733.5633753,0,0,9242.898528
4/26/23,311.87,306.7372,293.3833,4.527071429,100% TQQQ,Hold,733.5633753,0,0,9396.946837
4/27/23,320.35,307.0092,293.55385,4.759928571,100% TQQQ,Hold,733.5633753,0,0,10156.18493
4/28/23,322.56,307.2784,293.7384,4.680642857,100% TQQQ,Hold,733.5633753,0,0,10361.58268
5/1/23,322.19,307.6562,293.916,4.677785714,100% TQQQ,Hold,733.5633753,0,0,10332.24014
5/2/23,319.38,308.0206,294.05355,4.605285714,100% TQQQ,Hold,733.5633753,0,0,10057.15387
5/3/23,317.29,308.4858,294.193,4.511,100% TQQQ,Hold,733.5633753,0,0,9859.091763
5/4/23,316.17,308.9242,294.28235,4.394214286,100% TQQQ,Hold,733.5633753,0,0,9749.057257
5/5/23,322.89,309.4456,294.38165,4.71065,100% TQQQ,Hold,733.5633753,0,0,10346.91141
5/8/23,323.69,310.0824,294.4632,4.635292857,100% TQQQ,Hold,733.5633753,0,0,10431.2712
5/9/23,321.64,310.6364,294.56145,4.553864286,100% TQQQ,Hold,733.5633753,0,0,10229.54127
5/10/23,325.14,311.268,294.6858,4.561721429,100% TQQQ,Hold,733.5633753,0,0,10559.64479
5/11/23,326.2,311.968,294.84495,4.513864286,100% TQQQ,Hold,733.5633753,0,0,10647.67239
5/12/23,325.03,312.5964,294.93605,4.530357143,100% TQQQ,Hold,733.5633753,0,0,10537.63789
5/15/23,326.79,313.1386,295.02095,4.316785714,100% TQQQ,Hold,733.5633753,0,0,10699.02183
5/16/23,327.16,313.6814,295.07945,4.169464286,100% TQQQ,Hold,733.5633753,0,0,10739.36781
5/17/23,331.12,314.377,295.1587,3.860892857,100% TQQQ,Hold,733.5633753,0,0,11124.48859
5/18/23,337.27,315.166,295.2734,4.052321429,100% TQQQ,Hold,733.5633753,0,0,11722.34274
5/19/23,336.51,316.043,295.3415,4.069107143,100% TQQQ,Hold,733.5633753,0,0,11641.65077
5/22/23,337.64,317.0248,295.4077,3.896964286,100% TQQQ,Hold,733.5633753,0,0,11762.68872
5/23/23,333.36,317.8782,295.46575,3.850535714,100% TQQQ,Hold,733.5633753,0,0,11307.87943
5/24/23,331.65,318.5638,295.52045,3.899464286,100% TQQQ,Hold,733.5633753,0,0,11124.48859
5/25/23,339.72,319.3796,295.63365,4.025892857,100% TQQQ,Hold,733.5633753,0,0,11927.74048
5/26/23,348.4,320.2114,295.746,4.511607143,100% TQQQ,Hold,733.5633753,0,0,12830.02343
5/30/23,349.98,321.1038,295.8755,4.737321429,100% TQQQ,Hold,733.5633753,0,0,13009.74646
5/31/23,347.99,321.9442,295.9635,4.714464286,100% TQQQ,Hold,733.5633753,0,0,12745.66365
6/1/23,352.01,322.7776,296.05825,5.005178571,100% TQQQ,Hold,733.5633753,0,0,13207.80857
6/2/23,354.65,323.7482,296.1701,4.975892857,100% TQQQ,Hold,733.5633753,0,0,13504.90174
6/5/23,354.9,324.6512,296.30215,5.016964286,100% TQQQ,Hold,733.5633753,0,0,13534.24427
6/6/23,354.84,325.5302,296.42995,5.0175,100% TQQQ,Hold,733.5633753,0,0,13519.57301
6/7/23,348.82,326.3314,296.55975,5.3225,100% TQQQ,Hold,733.5633753,0,0,12830.02343
6/8/23,353.15,327.252,296.7537,5.210357143,100% TQQQ,Hold,733.5633753,0,0,13270.16146
6/9/23,354.5,328.0876,296.9557,5.342857143,100% TQQQ,Hold,733.5633753,0,0,13431.5454
6/12/23,360.49,328.9838,297.1831,5.604285714,100% TQQQ,Hold,733.5633753,0,0,14117.42716
6/13/23,363.26,329.8304,297.3965,5.564285714,100% TQQQ,Hold,733.5633753,0,0,14432.85941
6/14/23,365.9,330.7454,297.6888,5.705,100% TQQQ,Hold,733.5633753,0,0,14740.95603
6/15/23,370.26,331.7692,298.01805,5.592857143,100% TQQQ,Hold,733.5633753,0,0,15258.11821
6/16/23,367.93,332.8094,298.3526,5.296071429,100% TQQQ,Hold,733.5633753,0,0,14964.69286
6/20/23,366.9,333.7864,298.69075,5.217507143,100% TQQQ,Hold,733.5633753,0,0,14891.33652
6/21/23,361.9,334.667,299.00325,5.34965,100% TQQQ,Hold,733.5633753,0,0,14249.46856
6/22/23,366.17,335.6738,299.35825,5.307507143,100% TQQQ,Hold,733.5633753,0,0,14722.61694
6/23/23,362.54,336.6638,299.7057,5.4166,100% TQQQ,Hold,733.5633753,0,0,14286.14673
6/26/23,357.68,337.434,299.99925,5.6741,100% TQQQ,Hold,733.5633753,0,0,13721.30293
6/27/23,363.83,338.3392,300.3158,5.959814286,100% TQQQ,Hold,733.5633753,0,0,14399.84906
6/28/23,364.54,339.2532,300.60305,5.650971429,100% TQQQ,Hold,733.5633753,0,0,14487.87666
6/29/23,363.81,340.1522,300.8684,5.504542857,100% TQQQ,Hold,733.5633753,0,0,14388.84561
6/30/23,369.42,341.1664,301.247,5.650971429,100% TQQQ,Hold,733.5633753,0,0,15038.04919
7/3/23,370.29,342.2466,301.6183,5.355971429,100% TQQQ,Hold,733.5633753,0,0,15140.74807
7/5/23,370.28,343.32,302.0142,5.303828571,100% TQQQ,Hold,733.5633753,0,0,15129.74461
7/6/23,367.46,344.3502,302.4049,5.303114286,100% TQQQ,Hold,733.5633753,0,0,14773.96638
7/7/23,366.24,345.4752,302.78085,5.065971429,100% TQQQ,Hold,733.5633753,0,0,14623.58589
7/10/23,366.36,346.565,303.169,4.9424,100% TQQQ,Hold,733.5633753,0,0,14634.58934
7/11/23,368.17,347.5214,303.59205,4.912535714,100% TQQQ,Hold,733.5633753,0,0,14843.6549
7/12/23,372.82,348.5266,304.0558,4.91825,100% TQQQ,Hold,733.5633753,0,0,15393.82743
7/13/23,379.15,349.6658,304.574,4.993964286,100% TQQQ,Hold,733.5633753,0,0,16160.40116
7/14/23,379.07,350.8596,305.0975,4.9463,100% TQQQ,Hold,733.5633753,0,0,16145.72989
7/17/23,382.61,352.166,305.63815,4.744871429,100% TQQQ,Hold,733.5633753,0,0,16593.20355
7/18/23,385.74,353.5574,306.16715,4.762014286,100% TQQQ,Hold,733.5633753,0,0,16989.32777
7/19/23,385.65,354.8126,306.73605,4.695142857,100% TQQQ,Hold,733.5633753,0,0,16989.32777
7/20/23,376.76,355.874,307.28355,5.208,100% TQQQ,Hold,733.5633753,0,0,15797.28729
7/21/23,375.63,356.9538,307.79405,5.068642857,100% TQQQ,Hold,733.5633753,0,0,15657.91024
7/24/23,376.23,357.9756,308.26455,5.160071429,100% TQQQ,Hold,733.5633753,0,0,15720.26313
7/25/23,378.78,359.0272,308.74855,5.223642857,100% TQQQ,Hold,733.5633753,0,0,16035.69538
7/26/23,377.52,360.077,309.23735,5.102214286,100% TQQQ,Hold,733.5633753,0,0,15870.64362
7/27/23,376.62,361.0736,309.77495,5.454357143,100% TQQQ,Hold,733.5633753,0,0,15734.9344
7/28/23,383.48,362.2,310.3603,5.758642857,100% TQQQ,Hold,733.5633753,0,0,16585.86791
7/31/23,383.68,363.2512,310.96495,5.6535,100% TQQQ,Hold,733.5633753,0,0,16618.87827
8/1/23,382.79,364.1616,311.5656,5.437071429,100% TQQQ,Hold,733.5633753,0,0,16490.50468
8/2/23,374.39,364.9192,312.09345,5.614928571,100% TQQQ,Hold,733.5633753,0,0,15412.16651
8/3/23,373.79,365.6422,312.6587,5.579214286,100% TQQQ,Hold,733.5633753,0,0,15302.13201
8/4/23,372.04,366.4158,313.17215,5.732071429,100% TQQQ,Hold,733.5633753,0,0,15089.39863
8/7/23,375.19,367.2866,313.6907,5.492785714,100% TQQQ,Hold,733.5633753,0,0,15463.51595
8/8/23,372,367.9322,314.19825,5.684928571,100% TQQQ,Hold,733.5633753,0,0,15067.39173
8/9/23,367.91,368.3224,314.69225,5.354928571,100% Cash,"Sell TQQQ, Hold Cash (100%)",0,0,14564.90082,14564.90082
8/10/23,368.59,368.6946,315.1581,5.540357143,100% Cash,Hold,0,0,14564.90082,14564.90082
8/11/23,366.24,369.0596,315.59705,5.5875,100% Cash,Hold,0,0,14564.90082,14564.90082
8/14/23,370.35,369.4264,316.02775,5.696785714,100% TQQQ,Buy TQQQ (100%),721.213212,0,0,14564.90082
8/15/23,366.42,369.6618,316.4702,5.736071429,100% Cash,"Sell TQQQ, Hold Cash (100%)",0,0,14117.74862,14117.74862
8/16/23,362.54,369.8146,316.91855,5.421071429,100% Cash,Hold,0,0,14117.74862,14117.74862
8/17/23,358.58,369.8894,317.30535,5.296071429,100% Cash,Hold,0,0,14117.74862,14117.74862
8/18/23,358.13,370.0756,317.70625,5.450357143,100% Cash,Hold,0,0,14117.74862,14117.74862
8/21/23,363.9,370.2906,318.1502,5.698214286,100% Cash,Hold,0,0,14117.74862,14117.74862
8/22/23,363.38,370.4682,318.6387,5.285357143,100% Cash,Hold,0,0,14117.74862,14117.74862
8/23/23,369.11,370.6406,319.1818,5.475357143,100% Cash,Hold,0,0,14117.74862,14117.74862
8/24/23,361.22,370.5998,319.6645,5.843928571,100% Cash,Hold,0,0,14117.74862,14117.74862
8/25/23,364.02,370.5622,320.14665,6.085357143,100% Cash,Hold,0,0,14117.74862,14117.74862
8/28/23,366.76,370.4922,320.63275,5.893928571,100% Cash,Hold,0,0,14117.74862,14117.74862
8/29/23,374.77,370.629,321.19,6.150285714,50% TQQQ / 50% Cash,Buy TQQQ (50%),341.2557076,0,7058.874312,14117.74862
8/30/23,376.86,370.8282,321.66055,5.883264286,50% TQQQ / 50% Cash,Hold,341.2557076,0,7058.874312,14235.48184
8/31/23,377.99,371.15,322.1107,5.808907143,100% TQQQ,"Sell TQQQ, Buy TQQQ (100%)",673.9076545,0,0,14300.32043
9/1/23,377.59,371.3784,322.57145,5.736042857,100% TQQQ,Hold,673.9076545,0,0,14249.77735
9/5/23,378.07,371.689,323.01485,5.655278571,100% TQQQ,Hold,673.9076545,0,0,14286.84227
9/6/23,374.74,372.0302,323.46135,5.682421429,100% TQQQ,Hold,673.9076545,0,0,13909.45399
9/7/23,372.06,372.1948,323.8976,5.642421429,100% Cash,"Sell TQQQ, Hold Cash (100%)",0,0,13606.19554,13606.19554
9/8/23,372.58,372.3556,324.3364,5.53885,100% TQQQ,Buy TQQQ (100%),671.910891,0,0,13606.19554
9/11/23,376.97,372.6188,324.8118,5.428135714,100% TQQQ,Hold,671.910891,0,0,14069.81406
9/12/23,372.79,372.6862,325.246,5.470278571,100% TQQQ,Hold,671.910891,0,0,13619.63376
9/13/23,374.21,372.7646,325.67295,5.264564286,100% TQQQ,Hold,671.910891,0,0,13754.01594
9/14/23,377.27,372.9044,326.1247,4.739564286,100% TQQQ,Hold,671.910891,0,0,14076.53317
9/15/23,370.81,372.9714,326.5652,4.757421429,100% Cash,"Sell TQQQ, Hold Cash (100%)",0,0,13354.22896,13354.22896
9/18/23,370.66,373.0598,327.01565,4.690992857,100% Cash,Hold,0,0,13354.22896,13354.22896
9/19/23,369.87,373.13,327.3982,4.332678571,100% Cash,Hold,0,0,13354.22896,13354.22896
9/20/23,364.54,373.0574,327.7523,4.565771429,100% Cash,Hold,0,0,13354.22896,13354.22896
9/21/23,357.86,372.7582,328.07885,4.850842857,100% Cash,Hold,0,0,13354.22896,13354.22896
9/22/23,357.91,372.3334,328.4302,4.812278571,100% Cash,Hold,0,0,13354.22896,13354.22896
9/25/23,359.61,371.9442,328.81985,4.833042857,100% Cash,Hold,0,0,13354.22896,13354.22896
9/26/23,354.21,371.3762,329.18825,4.906607143,100% Cash,Hold,0,0,13354.22896,13354.22896
9/27/23,355.04,370.7622,329.5442,4.90875,100% Cash,Hold,0,0,13354.22896,13354.22896
9/28/23,358.01,370.2094,329.92405,5.171607143,100% Cash,Hold,0,0,13354.22896,13354.22896
9/29/23,358.27,369.8396,330.2875,5.244464286,100% Cash,Hold,0,0,13354.22896,13354.22896
10/2/23,361.26,369.5522,330.65055,5.265178571,100% Cash,Hold,0,0,13354.22896,13354.22896
10/3/23,354.92,369.126,330.9926,5.552678571,100% Cash,Hold,0,0,13354.22896,13354.22896
10/4/23,359.75,368.7454,331.4069,5.64625,100% Cash,Hold,0,0,13354.22896,13354.22896
10/5/23,358.69,368.3688,331.8291,5.474821429,100% Cash,Hold,0,0,13354.22896,13354.22896
10/6/23,364.7,368.1304,332.30385,6.067678571,100% Cash,Hold,0,0,13354.22896,13354.22896
10/9/23,366.56,367.792,332.78895,6.242492857,100% Cash,Hold,0,0,13354.22896,13354.22896
10/10/23,368.59,367.4902,333.26465,6.102492857,50% TQQQ / 50% Cash,Buy TQQQ (50%),346.6829948,0,6677.11448,13354.22896
10/11/23,371.22,367.2588,333.78695,5.84335,50% TQQQ / 50% Cash,Hold,346.6829948,0,6677.11448,13496.36899
10/12/23,369.93,367.1696,334.2998,5.98835,50% TQQQ / 50% Cash,Hold,346.6829948,0,6677.11448,13416.6319
10/13/23,365.28,366.9994,334.8083,6.240492857,100% Cash,"Sell TQQQ, Hold Cash (100%)",0,0,13161.8199,13161.8199
10/16/23,369.41,366.9468,335.35485,6.154785714,50% TQQQ / 50% Cash,Buy TQQQ (50%),340.3625523,0,6580.909949,13161.8199
10/17/23,368.2,366.807,335.86365,6.2005,50% TQQQ / 50% Cash,Hold,340.3625523,0,6580.909949,13098.85283
10/18/23,363.37,366.6344,336.3491,6.146928571,100% Cash,"Sell TQQQ, Hold Cash (100%)",0,0,12823.15916,12823.15916
10/19/23,359.97,366.4756,336.82655,6.213357143,100% Cash,Hold,0,0,12823.15916,12823.15916
10/20/23,354.6,366.1958,337.27085,6.278357143,100% Cash,Hold,0,0,12823.15916,12823.15916
10/23/23,355.67,365.9844,337.7413,6.289435714,100% Cash,Hold,0,0,12823.15916,12823.15916
10/24/23,359.13,365.76,338.19295,6.185864286,100% Cash,Hold,0,0,12823.15916,12823.15916
10/25/23,350.34,365.4384,338.59195,6.498007143,100% Cash,Hold,0,0,12823.15916,12823.15916
10/26/23,343.66,365.0608,338.9461,6.278721429,100% Cash,Hold,0,0,12823.15916,12823.15916
10/27/23,345.31,364.7954,339.2849,6.196578571,100% Cash,Hold,0,0,12823.15916,12823.15916
10/30/23,349.2,364.6168,339.63565,6.220864286,100% Cash,Hold,0,0,12823.15916,12823.15916
10/31/23,350.87,364.3562,339.98515,6.321435714,100% Cash,Hold,0,0,12823.15916,12823.15916
11/1/23,356.96,364.2278,340.36225,6.351421429,100% Cash,Hold,0,0,12823.15916,12823.15916
11/2/23,363.44,364.1144,340.79005,6.309992857,100% Cash,Hold,0,0,12823.15916,12823.15916
11/3/23,367.71,364.2442,341.25285,6.337135714,50% TQQQ / 50% Cash,Buy TQQQ (50%),341.2229685,0,6411.579579,12823.15916
11/6/23,369.21,364.348,341.6855,6.094992857,50% TQQQ / 50% Cash,Hold,341.2229685,0,6411.579579,12896.5221
11/7/23,372.7,364.4668,342.1042,5.977492857,50% TQQQ / 50% Cash,Hold,341.2229685,0,6411.579579,13079.07638
11/8/23,372.94,364.4302,342.52705,5.713921429,50% TQQQ / 50% Cash,Hold,341.2229685,0,6411.579579,13091.01919
11/9/23,370.07,364.2944,342.93875,5.682492857,50% TQQQ / 50% Cash,Hold,341.2229685,0,6411.579579,12932.35051
11/10/23,378.39,364.3024,343.364,5.706057143,50% TQQQ / 50% Cash,Hold,341.2229685,0,6411.579579,13367.40979
11/13/23,377.21,364.2948,343.76875,5.6282,50% TQQQ / 50% Cash,Hold,341.2229685,0,6411.579579,13304.28354
11/14/23,385.33,364.44,344.24405,5.604628571,50% TQQQ / 50% Cash,Hold,341.2229685,0,6411.579579,13737.63671
11/15/23,385.62,364.6576,344.69905,5.284985714,50% TQQQ / 50% Cash,Hold,341.2229685,0,6411.579579,13758.11009
11/16/23,385.95,364.9354,345.1242,5.102842857,100% TQQQ,"Sell TQQQ, Buy TQQQ (100%)",638.5371155,0,0,13770.0529
11/17/23,386.04,365.2046,345.4958,4.927842857,100% TQQQ,Hold,638.5371155,0,0,13779.63095
11/20/23,390.74,365.48,345.9186,4.9807,100% TQQQ,Hold,638.5371155,0,0,14271.30453
11/21/23,388.47,365.7936,346.343,4.793571429,100% TQQQ,Hold,638.5371155,0,0,14012.697
11/22/23,390.06,366.1106,346.7439,4.642142857,100% TQQQ,Hold,638.5371155,0,0,14175.52396
11/24/23,389.51,366.3554,347.1696,4.368571429,100% TQQQ,Hold,638.5371155,0,0,14105.28488
11/27/23,389.17,366.7226,347.60705,4.368564286,100% TQQQ,Hold,638.5371155,0,0,14063.77997
11/28/23,390.19,367.1132,348.0595,4.239635714,100% TQQQ,Hold,638.5371155,0,0,14175.52396
11/29/23,389.81,367.512,348.48605,4.347492857,100% TQQQ,Hold,638.5371155,0,0,14124.44099
11/30/23,388.83,367.9978,348.89645,4.311778571,100% TQQQ,Hold,638.5371155,0,0,14006.31163
12/1/23,389.94,368.6394,349.30065,4.025878571,100% TQQQ,Hold,638.5371155,0,0,14124.44099
12/4/23,386.32,369.2076,349.71575,4.320878571,100% TQQQ,Hold,638.5371155,0,0,13722.16261
12/5/23,387.29,369.7612,350.1464,3.980878571,100% TQQQ,Hold,638.5371155,0,0,13821.13586
12/6/23,385.05,370.378,350.6015,4.134807143,100% TQQQ,Hold,638.5371155,0,0,13575.29908
12/7/23,390.43,371.0858,351.0824,4.391235714,100% TQQQ,Hold,638.5371155,0,0,14143.59711
12/8/23,392.17,371.769,351.55915,4.488371429,100% TQQQ,Hold,638.5371155,0,0,14312.80944
12/11/23,395.52,372.514,352.0775,4.409085714,100% TQQQ,Hold,638.5371155,0,0,14676.7756
12/12/23,398.67,373.2622,352.60115,4.433371429,100% TQQQ,Hold,638.5371155,0,0,15031.1637
12/13/23,403.74,374.2386,353.15205,4.511228571,100% TQQQ,Hold,638.5371155,0,0,15561.1495
12/14/23,403.39,375.1114,353.713,4.811942857,100% TQQQ,Hold,638.5371155,0,0,15535.60802
12/15/23,405.34,376.0444,354.27165,4.831942857,100% TQQQ,Hold,638.5371155,0,0,15720.78378
12/18/23,407.08,376.892,354.80865,4.879085714,100% TQQQ,Hold,638.5371155,0,0,16049.6304
12/19/23,409.16,377.744,355.35435,4.701942857,100% TQQQ,Hold,638.5371155,0,0,16289.08182
12/20/23,403.08,378.4338,355.88805,4.904792857,100% TQQQ,Hold,638.5371155,0,0,15497.29579
12/21/23,407.77,379.1648,356.4378,4.947121429,100% TQQQ,Hold,638.5371155,0,0,16009.72183
12/22/23,408.38,379.9338,357.0164,4.6765,100% TQQQ,Hold,638.5371155,0,0,16075.17188
12/26/23,410.88,380.8458,357.62805,4.597214286,100% TQQQ,Hold,638.5371155,0,0,16368.89896
12/27/23,411.5,381.6876,358.2321,4.314178571,100% TQQQ,Hold,638.5371155,0,0,16455.10147
12/28/23,411.3,382.5496,358.80175,4.011321429,100% TQQQ,Hold,638.5371155,0,0,16413.59655
12/29/23,409.52,383.4726,359.3547,4.005614286,100% TQQQ,Hold,638.5371155,0,0,16186.91588
1/2/24,402.59,384.325,359.8336,4.364185714,100% TQQQ,Hold,638.5371155,0,0,15366.39568
1/3/24,398.33,385.1996,360.29845,4.387042857,100% TQQQ,Hold,638.5371155,0,0,14874.72211
1/4/24,396.28,386.0118,360.75,4.232757143,100% TQQQ,Hold,638.5371155,0,0,14625.69263
1/5/24,396.75,386.7642,361.18205,4.108471429,100% TQQQ,Hold,638.5371155,0,0,14679.96829
1/8/24,404.95,387.8564,361.6762,4.489907143,100% TQQQ,Hold,638.5371155,0,0,15564.34219
1/9/24,405.75,389.0982,362.1562,4.603478571,100% TQQQ,Hold,638.5371155,0,0,15666.50813
1/10/24,408.5,390.362,362.64425,4.756692857,100% TQQQ,Hold,638.5371155,0,0,15976.19863
1/11/24,409.35,391.565,363.1472,4.713014286,100% TQQQ,Hold,638.5371155,0,0,16052.82308
1/12/24,409.56,392.7388,363.6594,4.573014286,100% TQQQ,Hold,638.5371155,0,0,16071.9792
1/16/24,409.52,393.79,364.1434,4.630064286,100% TQQQ,Hold,638.5371155,0,0,16062.40114
1/17/24,407.21,394.6654,364.60105,4.87435,100% TQQQ,Hold,638.5371155,0,0,15784.6375
1/18/24,412.99,395.571,365.06135,5.207028571,100% TQQQ,Hold,638.5371155,0,0,16461.48684
1/19/24,421.18,396.6104,365.5665,5.662028571,100% TQQQ,Hold,638.5371155,0,0,17412.90714
1/22/24,421.73,397.591,366.0798,5.629707143,100% TQQQ,Hold,638.5371155,0,0,17483.14622
1/23/24,423.48,398.6018,366.6176,5.190421429,100% TQQQ,Hold,638.5371155,0,0,17690.67078
1/24/24,425.83,399.717,367.1565,5.309707143,100% TQQQ,Hold,638.5371155,0,0,17981.20517
1/25/24,426.35,400.6762,367.6989,5.418992857,100% TQQQ,Hold,638.5371155,0,0,18032.28814
1/26/24,423.81,401.6082,368.2388,5.346135714,100% TQQQ,Hold,638.5371155,0,0,17700.24884
1/29/24,428.15,402.4646,368.81435,5.078278571,100% TQQQ,Hold,638.5371155,0,0,18220.65659
1/30/24,425.3,403.2582,369.345,4.99185,100% TQQQ,Hold,638.5371155,0,0,17856.69043
1/31/24,416.97,403.8786,369.837,5.28935,100% TQQQ,Hold,638.5371155,0,0,16806.29688
2/1/24,421.88,404.5954,370.3522,5.178392857,100% TQQQ,Hold,638.5371155,0,0,17400.1364
2/2/24,429.01,405.3608,370.90295,5.554107143,100% TQQQ,Hold,638.5371155,0,0,18274.93225
2/5/24,428.45,406.1604,371.45165,5.576964286,100% TQQQ,Hold,638.5371155,0,0,18182.34436
2/6/24,427.59,406.911,372.0082,5.462678571,100% TQQQ,Hold,638.5371155,0,0,18076.98574
2/7/24,431.99,407.7606,372.5851,5.382321429,100% TQQQ,Hold,638.5371155,0,0,18616.5496
2/8/24,432.79,408.633,373.1693,4.93875,100% TQQQ,Hold,638.5371155,0,0,18693.17406
2/9/24,437.05,409.5702,373.8046,5.042142857,100% TQQQ,Hold,638.5371155,0,0,19242.31598
2/12/24,435.34,410.4808,374.42195,5.139285714,100% TQQQ,Hold,638.5371155,0,0,19015.6353
2/13/24,428.55,411.2752,374.96295,5.39925,100% TQQQ,Hold,638.5371155,0,0,18115.29797
2/14/24,433.22,412.1408,375.51625,5.402107143,100% TQQQ,Hold,638.5371155,0,0,18689.98137
2/15/24,434.51,413.1046,376.07785,5.43425,100% TQQQ,Hold,638.5371155,0,0,18846.42296
2/16/24,430.57,413.9702,376.6338,5.462821429,100% TQQQ,Hold,638.5371155,0,0,18329.2079
2/20/24,427.32,414.8156,377.18395,5.698535714,100% TQQQ,Hold,638.5371155,0,0,17904.58072
2/21/24,425.61,415.5192,377.73115,5.497107143,100% TQQQ,Hold,638.5371155,0,0,17681.09273
2/22/24,438.07,416.4372,378.30705,6.076035714,100% TQQQ,Hold,638.5371155,0,0,19210.38912
2/23/24,436.78,417.2624,378.8725,5.82175,100% TQQQ,Hold,638.5371155,0,0,19034.79141
2/26/24,436.55,418.02,379.44705,5.652821429,100% TQQQ,Hold,638.5371155,0,0,19009.24993
2/27/24,437.6,418.6972,380.00935,5.507464286,100% TQQQ,Hold,638.5371155,0,0,19127.37929
2/28/24,435.27,419.3348,380.5547,5.368892857,100% TQQQ,Hold,638.5371155,0,0,18817.68879
2/29/24,439,420.008,381.12455,5.578178571,100% TQQQ,Hold,638.5371155,0,0,19271.05015
3/1/24,445.61,420.7786,381.71865,5.758535714,100% TQQQ,Hold,638.5371155,0,0,20155.42405
3/4/24,444.02,421.4758,382.30295,5.599964286,100% TQQQ,Hold,638.5371155,0,0,19915.97263
3/5/24,436.05,422.1352,382.8276,5.625714286,100% TQQQ,Hold,638.5371155,0,0,18849.61565
3/6/24,438.79,422.7556,383.3352,5.685714286,100% TQQQ,Hold,638.5371155,0,0,19197.61838
3/7/24,445.45,423.497,383.8799,5.991428571,100% TQQQ,Hold,638.5371155,0,0,20053.25811
3/8/24,439.02,424.0598,384.3868,6.36,100% TQQQ,Hold,638.5371155,0,0,19175.26958
3/11/24,437.39,424.5776,384.90695,6.110714286,100% TQQQ,Hold,638.5371155,0,0,18951.78159
3/12/24,443.66,425.2248,385.467,6.244285714,100% TQQQ,Hold,638.5371155,0,0,19756.33835
3/13/24,440.25,425.8394,385.96965,5.603571429,100% TQQQ,Hold,638.5371155,0,0,19296.59163
3/14/24,439.14,426.5704,386.42335,5.663571429,100% TQQQ,Hold,638.5371155,0,0,19140.15004
3/15/24,433.92,427.2822,386.84305,5.960235714,100% TQQQ,Hold,638.5371155,0,0,18440.9519
3/18/24,437.48,428.1062,387.2905,6.257021429,100% TQQQ,Hold,638.5371155,0,0,18961.35964
3/19/24,438.57,428.9426,387.7233,6.424878571,100% TQQQ,Hold,638.5371155,0,0,19092.25975
3/20/24,443.77,429.719,388.1689,6.494878571,100% TQQQ,Hold,638.5371155,0,0,19698.87001
3/21/24,445.87,430.5214,388.62375,6.351307143,100% TQQQ,Hold,638.5371155,0,0,19954.28486
3/22/24,446.38,431.279,389.08145,6.40345,100% TQQQ,Hold,638.5371155,0,0,19995.78977
3/25/24,444.76,431.9872,389.56115,5.937021429,100% TQQQ,Hold,638.5371155,0,0,19791.45789
3/26/24,443.32,432.6624,390.012,5.808092857,100% TQQQ,Hold,638.5371155,0,0,19606.28213
3/27/24,444.83,433.3686,390.46365,5.57095,100% TQQQ,Hold,638.5371155,0,0,19778.68715
3/28/24,444.01,434.1046,390.88125,4.977378571,100% TQQQ,Hold,638.5371155,0,0,19654.17241
4/1/24,444.95,434.7438,391.2897,5.043807143,100% TQQQ,Hold,638.5371155,0,0,19775.49447
4/2/24,441.11,435.1424,391.66575,4.998092857,100% TQQQ,Hold,638.5371155,0,0,19245.50866
4/3/24,442.1,435.5498,392.02495,5.034521429,100% TQQQ,Hold,638.5371155,0,0,19373.21608
4/4/24,435.34,435.787,392.362,5.477378571,100% Cash,"Sell TQQQ, Hold Cash (100%)",0,0,18460.10801,18460.10801
4/5/24,440.47,436.0798,392.72985,5.579642857,100% TQQQ,Buy TQQQ (100%),616.7760778,0,0,18460.10801
4/8/24,440.6,436.3648,393.12335,5.306785714,100% TQQQ,Hold,616.7760778,0,0,18472.44353
4/9/24,442.23,436.7332,393.50365,5.3175,100% TQQQ,Hold,616.7760778,0,0,18663.64411
4/10/24,438.37,436.9376,393.8828,5.310357143,100% TQQQ,Hold,616.7760778,0,0,18173.30713
4/11/24,445.37,437.339,394.32125,5.510357143,100% TQQQ,Hold,616.7760778,0,0,19027.542
4/12/24,438.27,437.765,394.69345,5.9025,100% TQQQ,Hold,616.7760778,0,0,18108.54564
4/15/24,431.06,437.9486,395.02605,6.481071429,100% Cash,"Sell TQQQ, Hold Cash (100%)",0,0,17198.80093,17198.80093
4/16/24,431.1,437.9904,395.3625,6.475714286,100% Cash,Hold,0,0,17198.80093,17198.80093
4/17/24,425.84,437.9382,395.6446,6.733571429,100% Cash,Hold,0,0,17198.80093,17198.80093
4/18/24,423.41,437.8546,395.9102,6.977857143,100% Cash,Hold,0,0,17198.80093,17198.80093
4/19/24,414.65,437.5078,396.13205,7.394285714,100% Cash,Hold,0,0,17198.80093,17198.80093
4/22/24,418.82,437.2284,396.38885,7.417142857,100% Cash,Hold,0,0,17198.80093,17198.80093
4/23/24,425.07,436.9888,396.683,7.589285714,100% Cash,Hold,0,0,17198.80093,17198.80093
4/24/24,426.51,436.8122,396.98375,7.138571429,100% Cash,Hold,0,0,17198.80093,17198.80093
4/25/24,424.45,436.7302,397.26515,7.177142857,100% Cash,Hold,0,0,17198.80093,17198.80093
4/26/24,431,436.6858,397.55605,7.52,100% Cash,Hold,0,0,17198.80093,17198.80093
4/29/24,432.75,436.6506,397.82405,7.375714286,100% Cash,Hold,0,0,17198.80093,17198.80093
4/30/24,424.59,436.531,398.05165,7.539285714,100% Cash,Hold,0,0,17198.80093,17198.80093
5/1/24,421.52,436.415,398.2462,7.618571429,100% Cash,Hold,0,0,17198.80093,17198.80093
5/2/24,426.9,436.4408,398.452,7.525,100% Cash,Hold,0,0,17198.80093,17198.80093
5/3/24,435.48,436.389,398.70115,7.356428571,100% Cash,Hold,0,0,17198.80093,17198.80093
5/6/24,440.25,436.4584,399.0186,7.413571429,50% TQQQ / 50% Cash,Buy TQQQ (50%),293.6953711,0,8599.400465,17198.80093
5/7/24,440.32,436.5338,399.34205,6.997142857,50% TQQQ / 50% Cash,Hold,293.6953711,0,8599.400465,17198.80093
5/8/24,440.06,436.583,399.6612,6.891428571,50% TQQQ / 50% Cash,Hold,293.6953711,0,8599.400465,17182.64768
5/9/24,441.02,436.698,399.9724,6.377142857,50% TQQQ / 50% Cash,Hold,293.6953711,0,8599.400465,17229.63894
5/10/24,442.06,436.7592,400.2951,6.132214286,50% TQQQ / 50% Cash,Hold,293.6953711,0,8599.400465,17288.37802
5/13/24,443.08,436.7086,400.6274,5.773642857,50% TQQQ / 50% Cash,Hold,293.6953711,0,8599.400465,17345.64862
5/14/24,445.93,436.7468,400.93965,5.664714286,50% TQQQ / 50% Cash,Hold,293.6953711,0,8599.400465,17508.64955
5/15/24,452.9,437.0838,401.28575,5.582571429,100% TQQQ,"Sell TQQQ, Buy TQQQ (100%)",564.6706496,0,0,17919.82307
5/16/24,451.98,437.3476,401.6317,5.209714286,100% TQQQ,Hold,564.6706496,0,0,17809.71229
5/17/24,451.76,437.4738,402.01855,5.166864286,100% TQQQ,Hold,564.6706496,0,0,17770.18534
5/20/24,454.91,437.7916,402.42415,4.85115,100% TQQQ,Hold,564.6706496,0,0,18137.22127
5/21/24,455.8,438.1598,402.84295,4.399007143,100% TQQQ,Hold,564.6706496,0,0,18230.39192
5/22/24,455.71,438.4008,403.24555,4.153292857,100% TQQQ,Hold,564.6706496,0,0,18219.09851
5/23/24,453.66,438.669,403.65385,4.092557143,100% TQQQ,Hold,564.6706496,0,0,17948.0566
5/24/24,457.95,439.0452,404.10405,4.149885714,100% TQQQ,Hold,564.6706496,0,0,18450.61348
5/28/24,459.68,439.5604,404.5595,4.197028571,100% TQQQ,Hold,564.6706496,0,0,18651.07156
5/29/24,456.44,439.9396,405.0105,4.226314286,100% TQQQ,Hold,564.6706496,0,0,18261.44881
5/30/24,451.55,440.1992,405.4165,4.447028571,100% TQQQ,Hold,564.6706496,0,0,17674.19133
5/31/24,450.71,440.338,405.83795,4.848028571,100% TQQQ,Hold,564.6706496,0,0,17654.42786
6/3/24,453.13,440.4832,406.2909,5.222314286,100% TQQQ,Hold,564.6706496,0,0,17826.65241
6/4/24,454.37,440.643,406.76985,5.253664286,100% TQQQ,Hold,564.6706496,0,0,17959.35001
6/5/24,463.53,441.0184,407.29685,5.39795,100% TQQQ,Hold,564.6706496,0,0,19043.51766
6/6/24,463.37,441.4194,407.7942,5.360092857,100% TQQQ,Hold,564.6706496,0,0,19020.93083
6/7/24,462.96,441.782,408.2921,5.411514286,100% TQQQ,Hold,564.6706496,0,0,18950.347
6/10/24,464.83,442.1984,408.7707,5.400085714,100% TQQQ,Hold,564.6706496,0,0,19150.80508
6/11/24,468.02,442.6598,409.3047,5.611514286,100% TQQQ,Hold,564.6706496,0,0,19546.07454
6/12/24,474.15,443.3206,409.85535,5.950085714,100% TQQQ,Hold,564.6706496,0,0,20316.84997
6/13/24,476.72,444.013,410.40515,5.629392857,100% TQQQ,Hold,564.6706496,0,0,20641.5356
6/14/24,479.19,444.89,410.92725,5.454207143,100% TQQQ,Hold,564.6706496,0,0,20940.81104
6/17/24,485.06,445.7818,411.46825,5.859207143,100% TQQQ,Hold,564.6706496,0,0,21700.29307
6/18/24,485.21,446.674,412.00435,5.725635714,100% TQQQ,Hold,564.6706496,0,0,21711.58648
6/20/24,481.47,447.4588,412.52375,5.796257143,100% TQQQ,Hold,564.6706496,0,0,21200.55954
6/21/24,480.18,448.295,413.0343,5.399114286,100% TQQQ,Hold,564.6706496,0,0,21005.74817
6/24/24,473.96,448.8668,413.5304,5.304828571,100% TQQQ,Hold,564.6706496,0,0,20294.26315
6/25/24,479.38,449.689,414.067,5.395978571,100% TQQQ,Hold,564.6706496,0,0,20971.86793
6/26/24,480.37,450.6752,414.60595,4.935264286,100% TQQQ,Hold,564.6706496,0,0,21022.68829
6/27/24,481.61,451.6854,415.12915,5.038835714,100% TQQQ,Hold,564.6706496,0,0,21175.14936
6/28/24,479.11,452.7508,415.66075,5.38455,100% TQQQ,Hold,564.6706496,0,0,20841.99368
7/1/24,481.92,453.921,416.1993,5.568478571,100% TQQQ,Hold,564.6706496,0,0,21183.61942
7/2/24,486.98,455.3676,416.74785,5.614907143,100% TQQQ,Hold,564.6706496,0,0,21832.99067
7/3/24,491.04,456.812,417.349,5.362764286,100% TQQQ,Hold,564.6706496,0,0,22369.42778
7/5/24,496.16,458.2338,417.9765,5.45705,100% TQQQ,Hold,564.6706496,0,0,23047.03256
7/8/24,497.34,459.6504,418.61385,5.398835714,100% TQQQ,Hold,564.6706496,0,0,23199.49364
7/9/24,497.77,461.1168,419.28,5.04455,100% TQQQ,Hold,564.6706496,0,0,23250.314
7/10/24,502.96,462.556,420.0055,5.278835714,100% TQQQ,Hold,564.6706496,0,0,23978.73914
7/11/24,491.93,463.7396,420.6756,5.66,100% TQQQ,Hold,564.6706496,0,0,22403.30802
7/12/24,494.82,465.1442,421.35165,5.933214286,100% TQQQ,Hold,564.6706496,0,0,22767.52059
7/15/24,496.15,466.6368,422.06135,5.973214286,100% TQQQ,Hold,564.6706496,0,0,22936.92179
7/16/24,496.34,468.0256,422.76785,5.9425,100% TQQQ,Hold,564.6706496,0,0,22953.86191
7/17/24,481.77,468.9514,423.38665,6.788928571,100% TQQQ,Hold,564.6706496,0,0,20935.16433
7/18/24,479.49,469.7362,423.99275,7.191785714,100% TQQQ,Hold,564.6706496,0,0,20621.77212
7/19/24,475.24,470.4346,424.56265,7.121071429,100% TQQQ,Hold,564.6706496,0,0,20062.74818
7/22/24,482.32,471.2798,425.19965,7.255,100% TQQQ,Hold,564.6706496,0,0,20937.98769
7/23/24,480.62,472.0718,425.804,7.078571429,100% TQQQ,Hold,564.6706496,0,0,20712.11943
7/24/24,463.38,472.4982,426.32745,8.018571429,100% Cash,"Sell TQQQ, Hold Cash (100%)",0,0,18478.84701,18478.84701
7/25/24,458.27,472.802,426.7953,8.500714286,100% Cash,Hold,0,0,18478.84701,18478.84701
7/26/24,462.97,473.1428,427.27735,8.876785714,100% Cash,Hold,0,0,18478.84701,18478.84701
7/29/24,463.9,473.3628,427.7539,9.057857143,100% Cash,Hold,0,0,18478.84701,18478.84701
7/30/24,457.53,473.4738,428.18545,9.533642857,100% Cash,Hold,0,0,18478.84701,18478.84701
7/31/24,471.07,473.86,428.69115,9.726857143,100% Cash,Hold,0,0,18478.84701,18478.84701
8/1/24,459.66,473.955,429.16305,10.57542857,100% Cash,Hold,0,0,18478.84701,18478.84701
8/2/24,448.75,473.814,429.55975,11.16614286,100% Cash,Hold,0,0,18478.84701,18478.84701
8/5/24,435.37,473.4072,429.8956,12.59542857,100% Cash,Hold,0,0,18478.84701,18478.84701
8/6/24,439.53,473.1246,430.2764,12.44328571,100% Cash,Hold,0,0,18478.84701,18478.84701
8/7/24,434.77,472.661,430.6504,12.814,100% Cash,Hold,0,0,18478.84701,18478.84701
8/8/24,448.07,472.4288,431.11775,13.27614286,100% Cash,Hold,0,0,18478.84701,18478.84701
8/9/24,450.41,472.3082,431.59145,13.15757143,100% Cash,Hold,0,0,18478.84701,18478.84701
8/12/24,451.38,472.3048,432.0527,13.26652857,100% Cash,Hold,0,0,18478.84701,18478.84701
8/13/24,462.58,472.5422,432.6139,12.79224286,100% Cash,Hold,0,0,18478.84701,18478.84701
8/14/24,462.73,472.7342,433.20925,12.39219286,100% Cash,Hold,0,0,18478.84701,18478.84701
8/15/24,474.42,473.1352,433.8548,12.70862143,100% TQQQ,Buy TQQQ (100%),539.843617,0,0,18478.84701
8/16/24,475.03,473.3652,434.48395,12.59897857,100% TQQQ,Hold,539.843617,0,0,18527.43293
8/19/24,481.27,473.7232,435.13595,12.27962143,100% TQQQ,Hold,539.843617,0,0,19245.42495
8/20/24,480.26,474.0692,435.75245,11.50319286,100% TQQQ,Hold,539.843617,0,0,19126.65935
8/21/24,482.5,474.4226,436.34775,10.46605,100% TQQQ,Hold,539.843617,0,0,19388.4835
8/22/24,474.85,474.5592,436.88345,10.21890714,100% TQQQ,Hold,539.843617,0,0,18457.25326
8/23/24,480,474.6762,437.4374,8.975335714,100% TQQQ,Hold,539.843617,0,0,19037.58515
8/26/24,475.34,474.6486,437.9506,8.591764286,100% TQQQ,Hold,539.843617,0,0,18478.84701
8/27/24,476.76,474.6,438.4697,7.984621429,100% TQQQ,Hold,539.843617,0,0,18635.40166
8/28/24,471.35,474.3258,438.9761,7.62105,100% Cash,"Sell TQQQ, Hold Cash (100%)",0,0,18003.78463,18003.78463
8/29/24,470.66,474.0348,439.43745,7.771621429,100% Cash,Hold,0,0,18003.78463,18003.78463
8/30/24,476.27,473.9308,439.93275,7.812664286,50% TQQQ / 50% Cash,Buy TQQQ (50%),262.4075882,0,9001.892313,18003.78463
9/3/24,461.81,473.5634,440.31515,8.197657143,100% Cash,"Sell TQQQ, Hold Cash (100%)",0,0,17182.44887,17182.44887
9/4/24,460.61,473.2964,440.6901,8.198421429,100% Cash,Hold,0,0,17182.44887,17182.44887
9/5/24,461.04,472.9296,441.06555,7.864921429,100% Cash,Hold,0,0,17182.44887,17182.44887
9/6/24,448.69,472.296,441.3788,8.455635714,100% Cash,Hold,0,0,17182.44887,17182.44887
9/9/24,454.46,471.753,441.6974,8.372064286,100% Cash,Hold,0,0,17182.44887,17182.44887
9/10/24,458.66,471.344,442.04835,8.554207143,100% Cash,Hold,0,0,17182.44887,17182.44887
9/11/24,468.62,471.078,442.44115,9.485635714,100% Cash,Hold,0,0,17182.44887,17182.44887
9/12/24,473.22,470.8028,442.8597,9.161414286,50% TQQQ / 50% Cash,Buy TQQQ (50%),258.4604223,0,8591.224437,17182.44887
9/13/24,475.34,470.4888,443.29055,8.903557143,50% TQQQ / 50% Cash,Hold,258.4604223,0,8591.224437,17294.87916
9/16/24,473.24,470.0304,443.7058,8.782842857,50% TQQQ / 50% Cash,Hold,258.4604223,0,8591.224437,17178.57197
9/17/24,473.49,469.5534,444.1242,8.818557143,50% TQQQ / 50% Cash,Hold,258.4604223,0,8591.224437,17183.74118
9/18/24,471.44,469.0268,444.53725,8.737842857,50% TQQQ / 50% Cash,Hold,258.4604223,0,8591.224437,17071.31089
9/19/24,483.36,468.6348,445.00435,9.182985714,50% TQQQ / 50% Cash,Hold,258.4604223,0,8591.224437,17712.29274
9/20/24,482.44,468.445,445.48495,9.111557143,50% TQQQ / 50% Cash,Hold,258.4604223,0,8591.224437,17654.13915
9/23/24,483.04,468.2094,445.9637,8.088707143,50% TQQQ / 50% Cash,Hold,258.4604223,0,8591.224437,17721.33886
9/24/24,485.37,467.9938,446.4653,8.048707143,50% TQQQ / 50% Cash,Hold,258.4604223,0,8591.224437,17850.56907
9/25/24,485.82,467.7834,446.94225,7.74935,50% TQQQ / 50% Cash,Hold,258.4604223,0,8591.224437,17853.15367
9/26/24,489.47,467.9374,447.42875,7.382921429,50% TQQQ / 50% Cash,Hold,258.4604223,0,8591.224437,18049.58359
9/27/24,486.75,468.0826,447.8849,7.262207143,50% TQQQ / 50% Cash,Hold,258.4604223,0,8591.224437,17886.75353
9/30/24,488.07,468.3392,448.3319,7.158635714,50% TQQQ / 50% Cash,Hold,258.4604223,0,8591.224437,17959.12244
10/1/24,481.27,468.3182,448.71955,6.628635714,50% TQQQ / 50% Cash,Hold,258.4604223,0,8591.224437,17562.3857
10/2/24,481.95,468.3448,449.11235,6.555,100% TQQQ,"Sell TQQQ, Buy TQQQ (100%)",505.05125,0,0,17595.98555
10/3/24,481.59,468.709,449.4936,6.646071429,100% TQQQ,Hold,505.05125,0,0,17555.58145
10/4/24,487.32,469.29,449.8948,6.706071429,100% TQQQ,Hold,505.05125,0,0,18174.26923
10/7/24,482.1,469.6726,450.2595,6.693214286,100% TQQQ,Hold,505.05125,0,0,17575.7835
10/8/24,489.3,470.1806,450.6906,6.685357143,100% TQQQ,Hold,505.05125,0,0,18338.41089
10/9/24,493.15,470.893,451.1175,6.041785714,100% TQQQ,Hold,505.05125,0,0,18780.33073
10/10/24,492.59,471.3234,451.53855,6.009642857,100% TQQQ,Hold,505.05125,0,0,18714.67407
10/11/24,493.36,471.9974,451.95095,6.129642857,100% TQQQ,Hold,505.05125,0,0,18762.65394
10/14/24,497.5,472.9724,452.38095,6.080357143,100% TQQQ,Hold,505.05125,0,0,19242.45263
10/15/24,490.85,474.082,452.7787,6.551071429,100% TQQQ,Hold,505.05125,0,0,18474.77473
10/16/24,490.91,475.1096,453.18565,6.281071429,100% TQQQ,Hold,505.05125,0,0,18464.6737
10/17/24,491.25,476.2392,453.62895,6.316785714,100% TQQQ,Hold,505.05125,0,0,18520.22934
10/18/24,494.47,477.1672,454.10965,6.233214286,100% TQQQ,Hold,505.05125,0,0,18848.51265
10/21/24,495.42,478.0674,454.60535,5.8225,100% TQQQ,Hold,505.05125,0,0,18952.04816
10/22/24,495.96,478.959,455.1014,5.773571429,100% TQQQ,Hold,505.05125,0,0,19007.60379
10/23/24,488.36,479.4746,455.51845,6.156071429,100% TQQQ,Hold,505.05125,0,0,18128.81462
10/24/24,492.32,480.0664,455.9513,6.038214286,100% TQQQ,Hold,505.05125,0,0,18560.63344
10/25/24,495.32,480.4844,456.3854,6.146071429,100% TQQQ,Hold,505.05125,0,0,18873.76521
10/28/24,495.4,480.8918,456.81565,5.826785714,100% TQQQ,Hold,505.05125,0,0,18891.44201
10/29/24,500.16,481.2696,457.26865,5.949642857,100% TQQQ,Hold,505.05125,0,0,19414.17005
10/30/24,496.38,481.592,457.70295,5.915357143,100% TQQQ,Hold,505.05125,0,0,18982.35123
10/31/24,483.85,481.619,458.08615,6.516071429,100% TQQQ,Hold,505.05125,0,0,17537.90466
11/1/24,487.43,481.8706,458.45835,6.618264286,100% TQQQ,Hold,505.05125,0,0,17911.64258
11/4/24,486.01,481.9908,458.7825,6.282942857,100% TQQQ,Hold,505.05125,0,0,17744.97567
11/5/24,492.21,482.3282,459.1349,6.479371429,100% TQQQ,Hold,505.05125,0,0,18419.21909
11/6/24,505.58,482.9046,459.5454,7.095085714,100% TQQQ,Hold,505.05125,0,0,19914.17079
11/7/24,513.54,483.7484,459.98395,7.411514286,100% TQQQ,Hold,505.05125,0,0,20845.99034
11/8/24,514.14,484.618,460.4229,7.239192857,100% TQQQ,Hold,505.05125,0,0,20896.49547
11/11/24,513.84,485.3694,460.87305,7.180978571,100% TQQQ,Hold,505.05125,0,0,20858.61663
11/12/24,512.91,486.3914,461.29685,6.746692857,100% TQQQ,Hold,505.05125,0,0,20744.98009
11/13/24,512.25,487.4242,461.7316,6.77455,100% TQQQ,Hold,505.05125,0,0,20654.07087
11/14/24,508.69,488.3772,462.1902,6.56455,100% TQQQ,Hold,505.05125,0,0,20217.20154
11/15/24,496.57,489.3348,462.56365,7.33455,100% TQQQ,Hold,505.05125,0,0,18755.07817
11/18/24,500.02,490.246,462.9187,7.196692857,100% TQQQ,Hold,505.05125,0,0,19133.86661
11/19/24,503.46,491.142,463.29375,7.369092857,100% TQQQ,Hold,505.05125,0,0,19517.70556
11/20/24,503.17,491.833,463.67165,6.961592857,100% TQQQ,Hold,505.05125,0,0,19494.97825
11/21/24,504.98,492.4682,464.0366,7.140114286,100% TQQQ,Hold,505.05125,0,0,19686.89773
11/22/24,505.79,493.0772,464.4016,7.041864286,100% TQQQ,Hold,505.05125,0,0,19760.13016
11/25/24,506.59,493.7442,464.7493,7.064721429,100% TQQQ,Hold,505.05125,0,0,19851.03938
11/26/24,509.31,494.4606,465.11915,6.304007143,100% TQQQ,Hold,505.05125,0,0,20159.12064
11/27/24,505.3,495.1378,465.5029,6.20615,100% TQQQ,Hold,505.05125,0,0,19671.74619
11/29/24,509.74,495.6654,465.8855,6.387042857,100% TQQQ,Hold,505.05125,0,0,20174.27218
12/2/24,515.29,496.3224,466.2894,6.5199,100% TQQQ,Hold,505.05125,0,0,20828.31355
12/3/24,516.87,496.999,466.7209,6.4449,100% TQQQ,Hold,505.05125,0,0,21012.65726
12/4/24,523.26,497.7568,467.2006,6.560614286,100% TQQQ,Hold,505.05125,0,0,21780.33516
12/5/24,521.81,498.4766,467.6816,6.389178571,100% TQQQ,Hold,505.05125,0,0,21601.04196
12/6/24,526.48,499.2168,468.12365,5.725607143,100% TQQQ,Hold,505.05125,0,0,22156.59834
12/9/24,522.38,499.9294,468.55165,5.703464286,100% TQQQ,Hold,505.05125,0,0,21638.92081
12/10/24,520.6,500.58,468.9719,5.656778571,100% TQQQ,Hold,505.05125,0,0,21404.07198
12/11/24,529.92,501.553,469.4335,5.877135714,100% TQQQ,Hold,505.05125,0,0,22548.01306
12/12/24,526.5,502.444,469.88965,5.484278571,100% TQQQ,Hold,505.05125,0,0,22101.0427
12/13/24,530.53,503.4228,470.3473,5.692571429,100% TQQQ,Hold,505.05125,0,0,22575.79088
12/16/24,538.17,504.4398,470.8101,5.794714286,100% TQQQ,Hold,505.05125,0,0,23558.11556
12/17/24,535.8,505.5138,471.269,5.829714286,100% TQQQ,Hold,505.05125,0,0,23242.45853
12/18/24,516.47,506.0572,471.6711,6.864707143,100% TQQQ,Hold,505.05125,0,0,20729.82856
12/19/24,514.17,506.4776,472.048,7.071128571,100% TQQQ,Hold,505.05125,0,0,20436.89883
12/20/24,518.66,506.999,472.41405,7.7147,100% TQQQ,Hold,505.05125,0,0,20967.20264
12/23/24,522.87,507.5892,472.8333,7.953271429,100% TQQQ,Hold,505.05125,0,0,21479.82966
12/24/24,529.96,508.2384,473.29615,7.991128571,100% TQQQ,Hold,505.05125,0,0,22333.36628
12/26/24,529.6,509.0134,473.72585,8.156135714,100% TQQQ,Hold,505.05125,0,0,22285.38641
12/27/24,522.56,509.6464,474.1374,8.643992857,100% TQQQ,Hold,505.05125,0,0,21378.81941
12/30/24,515.61,510.1336,474.51975,9.034707143,100% TQQQ,Hold,505.05125,0,0,20520.23229
12/31/24,511.23,510.4688,474.9063,9.118992857,100% TQQQ,Hold,505.05125,0,0,19982.35271
1/2/25,510.23,510.765,475.27005,9.184707143,100% Cash,"Sell TQQQ, Hold Cash (100%)",0,0,19856.08989,19856.08989
1/3/25,518.58,511.2174,475.6701,9.578664286,100% TQQQ,Buy TQQQ (100%),481.9439295,0,0,19856.08989
1/6/25,524.54,511.941,476.07395,9.769657143,100% TQQQ,Hold,481.9439295,0,0,20533.22112
1/7/25,515.18,512.3982,476.4205,10.0618,100% TQQQ,Hold,481.9439295,0,0,19427.1598
1/8/25,515.27,512.7972,476.76495,10.22679286,100% TQQQ,Hold,481.9439295,0,0,19441.61812
1/10/25,507.19,513.033,477.0771,9.475371429,100% Cash,"Sell TQQQ, Hold Cash (100%)",0,0,18513.87605,18513.87605
1/13/25,505.56,513.141,477.3883,9.44395,100% Cash,Hold,0,0,18513.87605,18513.87605
1/14/25,505.08,513.315,477.68955,8.94645,100% Cash,Hold,0,0,18513.87605,18513.87605
1/15/25,516.7,513.972,478.053,9.350021429,100% TQQQ,Buy TQQQ (100%),457.8109805,0,0,18513.87605
1/16/25,513.08,514.485,478.39365,9.273585714,100% Cash,"Sell TQQQ, Hold Cash (100%)",0,0,18136.18199,18136.18199
1/17/25,521.74,515.1996,478.7968,9.706678571,100% TQQQ,Buy TQQQ (100%),436.2805387,0,0,18136.18199
1/21/25,524.8,515.8514,479.2103,9.29025,100% TQQQ,Hold,436.2805387,0,0,18437.21556
1/22/25,531.51,516.37,479.69115,9.168107143,100% TQQQ,Hold,436.2805387,0,0,19152.71565
1/23/25,532.64,516.752,480.152,8.947392857,100% TQQQ,Hold,436.2805387,0,0,19270.51139
1/24/25,529.63,517.0618,480.59715,8.569535714,100% TQQQ,Hold,436.2805387,0,0,18923.66836
1/27/25,514.21,517.0692,480.95705,9.288435714,100% Cash,"Sell TQQQ, Hold Cash (100%)",0,0,17263.62091,17263.62091
1/28/25,521.81,517.2472,481.37425,9.422721429,100% TQQQ,Buy TQQQ (100%),417.7524722,0,0,17263.62091
1/29/25,520.83,517.4188,481.75155,8.921378571,100% TQQQ,Hold,417.7524722,0,0,17157.09403
1/30/25,523.05,517.706,482.17545,9.031028571,100% TQQQ,Hold,417.7524722,0,0,17372.23656
1/31/25,522.29,518.2204,482.6316,8.958014286,100% TQQQ,Hold,417.7524722,0,0,17278.24225
2/3/25,518.11,518.5822,483.06665,9.225871429,100% Cash,"Sell TQQQ, Hold Cash (100%)",0,0,16860.48978,16860.48978
2/4/25,524.47,519.0024,483.5598,9.114085714,100% TQQQ,Buy TQQQ (100%),403.1198991,0,0,16860.48978
2/5/25,526.85,519.476,484.077,8.658371429,100% TQQQ,Hold,403.1198991,0,0,17080.19012
2/6/25,529.6,519.9684,484.65175,8.512571429,100% TQQQ,Hold,403.1198991,0,0,17336.17126
2/7/25,522.92,520.311,485.17225,8.435192857,100% TQQQ,Hold,403.1198991,0,0,16675.05463
2/10/25,529.25,520.7642,485.69315,8.544271429,100% TQQQ,Hold,403.1198991,0,0,17261.59408
2/11/25,527.99,521.1378,486.20055,8.192128571,100% TQQQ,Hold,403.1198991,0,0,17138.64251
2/12/25,528.3,521.5978,486.7198,8.401414286,100% TQQQ,Hold,403.1198991,0,0,17172.9077
2/13/25,535.9,522.121,487.2443,8.564271429,100% TQQQ,Hold,403.1198991,0,0,17896.50792
2/14/25,538.15,522.5782,487.7713,7.399271429,100% TQQQ,Hold,403.1198991,0,0,18106.13027
2/18/25,539.37,523.0282,488.3452,6.8807,100% TQQQ,Hold,403.1198991,0,0,18219.00384
2/19/25,539.52,523.3534,488.9352,6.7849,100% TQQQ,Hold,403.1198991,0,0,18221.01944
2/20/25,537.23,523.6618,489.48685,6.725971429,100% TQQQ,Hold,403.1198991,0,0,17999.30349
2/21/25,526.08,523.6538,489.93985,6.8947,100% TQQQ,Hold,403.1198991,0,0,16872.58338
2/24/25,519.87,523.6036,490.33795,6.7732,100% Cash,"Sell TQQQ, Hold Cash (100%)",0,0,16265.88793,16265.88793
2/25/25,513.32,523.458,490.70295,7.0182,100% Cash,Hold,0,0,16265.88793,16265.88793
2/26/25,514.56,523.1508,491.07545,7.153914286,100% Cash,Hold,0,0,16265.88793,16265.88793
2/27/25,500.27,522.6262,491.3717,8.221857143,100% Cash,Hold,0,0,16265.88793,16265.88793
2/28/25,508.17,522.179,491.70225,8.360428571,100% Cash,Hold,0,0,16265.88793,16265.88793
3/3/25,497.05,521.3566,491.9721,9.219207143,100% Cash,Hold,0,0,16265.88793,16265.88793
3/4/25,495.55,520.5516,492.2202,10.07027857,100% Cash,Hold,0,0,16265.88793,16265.88793
3/5/25,502.01,520.2624,492.46575,10.43670714,100% Cash,Hold,0,0,16265.88793,16265.88793
3/6/25,488.2,519.743,492.64685,11.00027857,100% Cash,Hold,0,0,16265.88793,16265.88793
3/7/25,491.79,519.2056,492.847,11.68456429,100% Cash,Hold,0,0,16265.88793,16265.88793
3/10/25,472.73,518.2028,492.9361,13.05385,100% Cash,Hold,0,0,16265.88793,16265.88793
3/11/25,471.6,517.0356,493.0151,13.58563571,100% Cash,Hold,0,0,16265.88793,16265.88793
3/12/25,476.92,515.982,493.12115,13.75706429,100% Cash,Hold,0,0,16265.88793,16265.88793
3/13/25,468.34,514.8976,493.19455,13.59992143,100% Cash,Hold,0,0,16265.88793,16265.88793
3/14/25,479.66,514.1786,493.3031,13.79142143,100% Cash,Hold,0,0,16265.88793,16265.88793
3/17/25,482.77,513.6094,493.41855,13.62070714,100% Cash,Hold,0,0,16265.88793,16265.88793
3/18/25,474.54,512.8956,493.50905,13.76856429,100% Cash,Hold,0,0,16265.88793,16265.88793
3/19/25,480.89,512.1418,493.65575,13.18071429,100% Cash,Hold,0,0,16265.88793,16265.88793
3/20/25,479.26,511.2362,493.7985,12.93214286,100% Cash,Hold,0,0,16265.88793,16265.88793
3/21/25,480.84,510.5494,493.93705,12.16392857,100% Cash,Hold,0,0,16265.88793,16265.88793
3/24/25,490.66,510.0572,494.1185,11.78285714,100% Cash,Hold,0,0,16265.88793,16265.88793
3/25/25,493.46,509.7826,494.26815,11.12785714,100% Cash,Hold,0,0,16265.88793,16265.88793
3/26/25,484.38,509.359,494.3732,10.75857143,100% Cash,Hold,0,0,16265.88793,16265.88793
3/27/25,481.62,508.8898,494.4665,10.29999286,100% Cash,Hold,0,0,16265.88793,16265.88793
3/28/25,468.94,507.9346,494.48705,9.617135714,100% Cash,Hold,0,0,16265.88793,16265.88793
3/31/25,468.92,507.0514,494.49155,9.669635714,100% Cash,Hold,0,0,16265.88793,16265.88793
4/1/25,472.7,506.0706,494.4843,9.651778571,100% Cash,Hold,0,0,16265.88793,16265.88793
4/2/25,476.15,505.0976,494.48145,9.881064286,100% Cash,Hold,0,0,16265.88793,16265.88793
4/3/25,450.66,503.4806,494.3388,10.86606429,100% Cash,Hold,0,0,16265.88793,16265.88793
4/4/25,422.67,501.2812,494.02685,12.29106429,100% Cash,Hold,0,0,16265.88793,16265.88793
4/7/25,423.69,499.1624,493.71925,14.46177857,100% SQQQ,Buy SQQQ (100%),0,64.84308522,0,16265.88793
4/8/25,416.06,497.1994,493.3922,16.07309286,100% SQQQ,Hold,0,64.84308522,0,17173.69112
4/9/25,466,496.0832,493.3213,19.21809286,100% SQQQ,Hold,0,64.84308522,0,11114.10481
4/10/25,446.18,494.5902,493.1824,20.97987857,100% SQQQ,Hold,0,64.84308522,0,12388.27143
4/11/25,454.4,493.2172,493.0575,21.25059286,100% SQQQ,Hold,0,64.84308522,0,11743.08273
4/14/25,457.48,491.921,492.94305,21.90916429,100% SQQQ,Hold,0,64.84308522,0,11493.43686
4/15/25,457.99,490.7186,492.82495,21.59416429,100% SQQQ,Hold,0,64.84308522,0,11457.77316
4/16/25,444.18,489.1128,492.6503,22.58702857,100% SQQQ,Hold,0,64.84308522,0,12495.26252
4/17/25,444.1,487.4578,492.4612,22.07417143,100% SQQQ,Hold,0,64.84308522,0,12527.68406
4/21/25,433.11,485.528,492.19185,22.33417143,100% SQQQ,Hold,0,64.84308522,0,13451.69803
4/22/25,444.48,483.9592,491.95905,22.70988571,100% SQQQ,Hold,0,64.84308522,0,12410.96651
4/23/25,454.56,482.4654,491.75105,23.08131429,100% SQQQ,Hold,0,64.84308522,0,11593.94364
4/24/25,467.35,481.2526,491.6011,22.15917143,100% SQQQ,Hold,0,64.84308522,0,10608.32874
4/25/25,472.56,480.1378,491.47505,20.70988571,100% SQQQ,Hold,0,64.84308522,0,10261.41824
4/28/25,472.41,478.868,491.3223,18.42617143,100% SQQQ,Hold,0,64.84308522,0,10274.38685
4/29/25,475.53,477.6156,491.2403,16.53230714,100% SQQQ,Hold,0,64.84308522,0,10076.61544
4/30/25,475.47,476.3376,491.14355,13.84445,100% SQQQ,Hold,0,64.84308522,0,10070.13113
5/1/25,481.68,475.1808,491.0712,12.29730714,100% Cash,"Sell SQQQ, Hold Cash (100%)",0,0,9729.704938,9729.704938
5/2/25,488.83,474.2128,491.03365,11.92373571,100% Cash,Hold,0,0,9729.704938,9729.704938
5/5/25,485.93,473.4098,491.05445,11.38873571,100% Cash,Hold,0,0,9729.704938,9729.704938
5/6/25,481.41,472.6406,491.06405,11.49659286,100% Cash,Hold,0,0,9729.704938,9729.704938
5/7/25,483.3,472.0402,491.10435,10.69573571,100% Cash,Hold,0,0,9729.704938,9729.704938
5/8/25,488.29,471.5148,491.1342,10.91073571,100% Cash,Hold,0,0,9729.704938,9729.704938
5/9/25,487.97,471.2688,491.17095,10.13752143,100% Cash,Hold,0,0,9729.704938,9729.704938
5/12/25,507.85,471.2624,491.3933,10.52680714,50% TQQQ / 50% Cash,Buy TQQQ (50%),147.174481,0,4864.852469,9729.704938
5/13/25,515.59,471.6332,491.6799,9.858235714,50% TQQQ / 50% Cash,Hold,147.174481,0,4864.852469,9952.674276
5/14/25,518.68,472.0958,491.95845,9.182371429,50% TQQQ / 50% Cash,Hold,147.174481,0,4864.852469,10042.45071
5/15/25,519.25,472.4406,492.2352,9.115228571,100% TQQQ,"Sell TQQQ, Buy TQQQ (100%)",285.0280505,0,0,10058.6399
5/16/25,521.51,473.1068,492.5551,8.8168,100% TQQQ,Hold,285.0280505,0,0,10182.6271
5/19/25,522.01,473.7112,492.8098,8.920778571,100% TQQQ,Hold,285.0280505,0,0,10209.70477
5/20/25,520.27,474.662,493.11285,8.247921429,100% TQQQ,Hold,285.0280505,0,0,10102.81925
5/21/25,513.04,475.4908,493.4343,8.251492857,100% TQQQ,Hold,285.0280505,0,0,9682.402876
5/22/25,514,476.2324,493.82745,7.978635714,100% TQQQ,Hold,285.0280505,0,0,9732.282785
5/23/25,509.24,477.0504,494.176,8.227921429,100% TQQQ,Hold,285.0280505,0,0,9451.530155
5/27/25,521.22,477.8816,494.60825,8.565778571,100% TQQQ,Hold,285.0280505,0,0,10109.94495
5/28/25,518.91,478.6044,494.96245,8.299492857,100% TQQQ,Hold,285.0280505,0,0,9980.257189
5/29/25,519.93,479.5122,495.31005,8.28235,100% TQQQ,Hold,285.0280505,0,0,10028.71196
5/30/25,519.11,480.2766,495.6487,8.525564286,100% TQQQ,Hold,285.0280505,0,0,9975.981768
6/2/25,523.21,481.1556,495.95185,7.636992857,100% TQQQ,Hold,285.0280505,0,0,10205.42935
6/3/25,527.3,482.0848,496.2747,7.387707143,100% TQQQ,Hold,285.0280505,0,0,10443.42777
6/4/25,528.77,482.847,496.54645,7.404328571,100% TQQQ,Hold,285.0280505,0,0,10527.51105
6/5/25,524.79,483.4736,496.79525,7.663614286,100% TQQQ,Hold,285.0280505,0,0,10282.38692
6/6/25,529.92,484.3844,497.0385,7.835757143,100% TQQQ,Hold,285.0280505,0,0,10575.96581
6/9/25,530.7,485.366,497.2907,7.482185714,100% TQQQ,Hold,285.0280505,0,0,10622.99544
6/10/25,534.21,486.6714,497.54925,7.529328571,100% TQQQ,Hold,285.0280505,0,0,10828.21564
6/11/25,532.41,487.9412,497.83705,7.165757143,100% TQQQ,Hold,285.0280505,0,0,10717.0547
6/12/25,533.66,489.1604,498.10535,7.051028571,100% TQQQ,Hold,285.0280505,0,0,10786.88657
6/13/25,526.96,490.1766,498.36345,7.016028571,100% TQQQ,Hold,285.0280505,0,0,10379.29646
6/16/25,534.29,491.8492,498.6511,6.726028571,100% TQQQ,Hold,285.0280505,0,0,10802.56311
6/17/25,529.08,493.9774,498.93975,6.803885714,100% TQQQ,Hold,285.0280505,0,0,10483.3317
6/18/25,528.99,496.0834,499.2314,6.517457143,100% TQQQ,Hold,285.0280505,0,0,10469.0803
6/20/25,526.83,498.2988,499.4842,6.512457143,100% TQQQ,Hold,285.0280505,0,0,10325.14113
6/23/25,531.65,499.6118,499.8334,6.586742857,100% TQQQ,Hold,285.0280505,0,0,10645.79769
6/24/25,539.78,501.4838,500.22925,6.801028571,100% TQQQ,Hold,285.0280505,0,0,11130.34537
6/25/25,541.16,503.219,500.62985,6.805271429,100% TQQQ,Hold,285.0280505,0,0,11184.5007
6/26/25,546.22,504.9938,501.1175,6.4567,100% TQQQ,Hold,285.0280505,0,0,11490.90586
6/27/25,548.09,506.7958,501.58565,6.344914286,100% TQQQ,Hold,285.0280505,0,0,11603.49194
6/30/25,551.64,508.945,502.05055,6.442771429,100% TQQQ,Hold,285.0280505,0,0,11828.6641
7/1/25,546.99,511.0028,502.4424,6.512057143,100% TQQQ,Hold,285.0280505,0,0,11527.9595
7/2/25,550.8,513.3566,502.8303,6.3842,100% TQQQ,Hold,285.0280505,0,0,11757.40708
7/3/25,556.22,515.5914,503.2347,6.569642857,100% TQQQ,Hold,285.0280505,0,0,12086.61448
7/7/25,552.03,517.5408,503.62865,6.4775,100% TQQQ,Hold,285.0280505,0,0,11817.26297
7/8/25,552.34,519.2406,504.0229,6.084642857,100% TQQQ,Hold,285.0280505,0,0,11832.93952
7/9/25,556.25,520.9144,504.44695,6.006785714,100% TQQQ,Hold,285.0280505,0,0,12078.06364
7/10/25,555.45,522.5752,504.8074,5.963928571,100% TQQQ,Hold,285.0280505,0,0,12022.48317
7/11/25,554.2,524.1486,505.1662,5.611071429,100% TQQQ,Hold,285.0280505,0,0,11931.27419
7/14/25,556.21,525.7634,505.53205,5.382142857,100% TQQQ,Hold,285.0280505,0,0,12058.11168
7/15/25,556.72,527.2642,505.8888,5.063571429,100% TQQQ,Hold,285.0280505,0,0,12089.46476
7/16/25,557.29,528.6334,506.24615,5.400714286,100% TQQQ,Hold,285.0280505,0,0,12123.66813
7/17/25,561.8,530.1508,506.6078,5.371428571,100% TQQQ,Hold,285.0280505,0,0,12405.8459
7/18/25,561.26,531.7478,506.98035,5.321514286,100% TQQQ,Hold,285.0280505,0,0,12363.09169
7/21/25,564.17,533.3652,507.36085,5.327942857,100% TQQQ,Hold,285.0280505,0,0,12551.2102
7/22/25,561.25,534.8244,507.76075,5.239371429,100% TQQQ,Hold,285.0280505,0,0,12355.96599
7/23/25,563.81,536.3412,508.17005,5.1958,100% TQQQ,Hold,285.0280505,0,0,12518.43198
7/24/25,565.01,537.4844,508.58715,4.949014286,100% TQQQ,Hold,285.0280505,0,0,12601.09011
7/25/25,566.37,538.5,508.9824,4.719371429,100% TQQQ,Hold,285.0280505,0,0,12672.34713
7/28/25,568.14,539.4892,509.4126,4.702228571,100% TQQQ,Hold,285.0280505,0,0,12795.62176
7/29/25,567.26,540.4494,509.8024,4.722942857,100% TQQQ,Hold,285.0280505,0,0,12737.90358
7/30/25,568.02,541.3796,510.17675,4.7958,100% TQQQ,Hold,285.0280505,0,0,12782.08293
7/31/25,565.01,542.2396,510.53885,5.297228571,100% TQQQ,Hold,285.0280505,0,0,12571.16217
8/1/25,553.88,542.9118,510.84145,5.869728571,100% TQQQ,Hold,285.0280505,0,0,11817.26297
8/4/25,564.1,543.933,511.17445,6.287228571,100% TQQQ,Hold,285.0280505,0,0,12464.27665
8/5/25,560.27,544.8584,511.52155,6.157278571,100% TQQQ,Hold,285.0280505,0,0,12204.90112
8/6/25,567.32,546.02,511.9036,6.327992857,100% TQQQ,Hold,285.0280505,0,0,12660.946
8/7/25,569.24,546.9804,512.29355,6.575407143,100% TQQQ,Hold,285.0280505,0,0,12789.20863
8/8/25,574.55,548.0932,512.69395,6.62755,100% TQQQ,Hold,285.0280505,0,0,13134.09257
8/11/25,572.85,549.1516,513.0811,6.591121429,100% TQQQ,Hold,285.0280505,0,0,13018.65621
8/12/25,580.05,550.3704,513.50155,6.847907143,100% TQQQ,Hold,285.0280505,0,0,13498.92847
8/13/25,580.34,551.513,513.96145,6.9504,100% TQQQ,Hold,285.0280505,0,0,13518.88044
8/14/25,579.89,552.5648,514.3993,6.989328571,100% TQQQ,Hold,285.0280505,0,0,13481.82679
8/15/25,577.34,553.5362,514.8094,7.106878571,100% TQQQ,Hold,285.0280505,0,0,13290.858
8/18/25,577.11,554.5826,515.21795,6.888578571,100% TQQQ,Hold,285.0280505,0,0,13273.75631
8/19/25,569.28,555.3698,515.56355,7.123578571,100% TQQQ,Hold,285.0280505,0,0,12732.20302
8/20/25,565.9,556.0738,515.91115,7.100721429,100% TQQQ,Hold,285.0280505,0,0,12499.90516
8/21/25,563.28,556.6552,516.3083,6.54215,100% TQQQ,Hold,285.0280505,0,0,12326.03804
8/22/25,571.97,557.4464,516.731,6.562507143,100% TQQQ,Hold,285.0280505,0,0,12880.4176
8/25/25,570.32,558.1796,517.15255,6.369392857,100% TQQQ,Hold,285.0280505,0,0,12767.83152
8/26/25,572.61,559.0926,517.55455,6.128678571,100% TQQQ,Hold,285.0280505,0,0,12916.04611
8/27/25,573.49,559.8766,517.8941,5.830464286,100% TQQQ,Hold,285.0280505,0,0,12974.47686
8/28/25,577.08,560.8366,518.2118,5.831178571,100% TQQQ,Hold,285.0280505,0,0,13211.05014
8/29/25,570.4,561.6648,518.4931,6.067607143,100% TQQQ,Hold,285.0280505,0,0,12735.0533
9/2/25,565.62,562.4406,518.752,6.281892857,100% TQQQ,Hold,285.0280505,0,0,12410.12132
9/3/25,570.07,563.209,519.0378,6.402971429,100% TQQQ,Hold,285.0280505,0,0,12699.42479
9/4/25,575.23,563.918,519.3527,6.589042857,100% TQQQ,Hold,285.0280505,0,0,13042.88359
9/5/25,576.06,564.616,519.68955,6.965778571,100% TQQQ,Hold,285.0280505,0,0,13085.6378
9/8/25,578.87,565.269,520.10105,7.126935714,100% TQQQ,Hold,285.0280505,0,0,13272.33117
9/9/25,580.51,565.9174,520.5035,6.77265,100% TQQQ,Hold,285.0280505,0,0,13380.64183
9/10/25,580.7,566.4986,520.8897,6.399792857,100% TQQQ,Hold,285.0280505,0,0,13394.89323
9/11/25,584.08,567.2404,521.29425,6.304792857,100% TQQQ,Hold,285.0280505,0,0,13620.06539
9/12/25,586.66,567.9576,521.70265,5.809078571,100% TQQQ,Hold,285.0280505,0,0,13789.65708
9/15/25,591.68,568.6668,522.1321,5.880714286,100% TQQQ,Hold,285.0280505,0,0,14141.66673
9/16/25,591.18,569.4498,522.55505,5.755714286,100% TQQQ,Hold,285.0280505,0,0,14103.18794
9/17/25,590,570.203,522.9585,5.995,100% TQQQ,Hold,285.0280505,0,0,14013.4041
9/18/25,595.32,570.9844,523.4086,6.180714286,100% TQQQ,Hold,285.0280505,0,0,14391.06627
9/19/25,599.35,571.8624,523.85665,5.908571429,100% TQQQ,Hold,285.0280505,0,0,14676.09432
9/22/25,602.2,572.8224,524.2912,5.500357143,100% TQQQ,Hold,285.0280505,0,0,14924.06872
9/23/25,598.2,573.6622,524.69785,5.465714286,100% TQQQ,Hold,285.0280505,0,0,14623.36413
9/24/25,596.1,574.4498,525.06205,5.463214286,100% TQQQ,Hold,285.0280505,0,0,14452.3473
9/25/25,593.53,575.1746,525.42065,5.321071429,100% TQQQ,Hold,285.0280505,0,0,14258.52823
9/26/25,595.97,575.858,525.7681,5.353928571,100% TQQQ,Hold,285.0280505,0,0,14429.54506
9/29/25,598.73,576.6074,526.14985,5.509642857,100% TQQQ,Hold,285.0280505,0,0,14621.93899
9/30/25,600.37,577.3314,526.5487,5.466071429,100% TQQQ,Hold,285.0280505,0,0,14735.95021
10/1/25,603.25,578.1714,526.91535,5.699642857,100% TQQQ,Hold,285.0280505,0,0,14944.02069
10/2/25,605.73,579.0098,527.3115,5.731785714,100% TQQQ,Hold,285.0280505,0,0,15126.43864
10/3/25,603.18,579.7732,527.67475,5.789678571,100% TQQQ,Hold,285.0280505,0,0,14921.21844
10/6/25,607.71,580.6,528.02245,6.061821429,100% TQQQ,Hold,285.0280505,0,0,15254.70126
10/7/25,604.51,581.3274,528.366,6.011464286,100% TQQQ,Hold,285.0280505,0,0,15008.152
10/8/25,611.44,582.211,528.84085,5.947178571,100% TQQQ,Hold,285.0280505,0,0,15516.92707
10/9/25,610.7,583.0646,529.3235,5.904321429,100% TQQQ,Hold,285.0280505,0,0,15455.64604
10/10/25,589.5,583.5544,529.6777,7.260035714,100% TQQQ,Hold,285.0280505,0,0,13833.83643
10/13/25,602.01,584.517,530.0734,7.821464286,100% TQQQ,Hold,285.0280505,0,0,14711.72283
10/14/25,598,585.195,530.4136,8.251464286,100% TQQQ,Hold,285.0280505,0,0,14412.44337
10/15/25,602.22,586.034,530.7767,8.477892857,100% TQQQ,Hold,285.0280505,0,0,14707.44741
10/16/25,599.99,586.6874,531.16385,9.018607143,100% TQQQ,Hold,285.0280505,0,0,14543.55628
10/17/25,603.93,587.3812,531.60545,9.237178571,100% TQQQ,Hold,285.0280505,0,0,14820.03349
10/20/25,611.54,588.121,532.107,9.541464286,100% TQQQ,Hold,285.0280505,0,0,15375.83818
10/21/25,611.38,588.8916,532.61275,9.252271429,100% TQQQ,Hold,285.0280505,0,0,15358.7365
10/22/25,605.49,589.4004,533.0473,9.7837,100% TQQQ,Hold,285.0280505,0,0,14906.96704
10/23/25,610.58,590.0052,533.4775,9.848664286,100% TQQQ,Hold,285.0280505,0,0,15280.35379
10/24/25,617.1,590.7494,533.9871,9.967235714,100% TQQQ,Hold,285.0280505,0,0,15756.35063
10/27/25,628.09,591.7644,534.5512,10.30795,100% TQQQ,Hold,285.0280505,0,0,16592.90796
10/28/25,632.92,592.8806,535.17985,10.26152143,100% TQQQ,Hold,285.0280505,0,0,16971.99527
10/29/25,635.77,594.2104,535.8309,10.44937857,100% TQQQ,Hold,285.0280505,0,0,17188.61659
10/30/25,626.05,595.4134,536.43575,9.42795,100% TQQQ,Hold,285.0280505,0,0,16401.93917
10/31/25,629.07,596.7292,536.9976,9.049378571,100% TQQQ,Hold,285.0280505,0,0,16634.23703
11/3/25,632.08,597.9314,537.5926,8.634378571,100% TQQQ,Hold,285.0280505,0,0,16862.25947
11/4/25,619.25,598.91,538.08015,8.838307143,100% TQQQ,Hold,285.0280505,0,0,15830.45793
11/5/25,623.28,599.9234,538.57255,8.594021429,100% TQQQ,Hold,285.0280505,0,0,16138.28822
11/6/25,611.67,600.687,538.97335,8.868307143,100% TQQQ,Hold,285.0280505,0,0,15233.32416
11/7/25,609.74,601.3402,539.35885,9.163307143,100% TQQQ,Hold,285.0280505,0,0,15075.13359
11/10/25,623.23,602.3968,539.82685,9.961071429,100% TQQQ,Hold,285.0280505,0,0,16062.75579
11/11/25,621.57,603.5158,540.36365,9.535357143,100% TQQQ,Hold,285.0280505,0,0,15930.21774
11/12/25,621.08,604.536,540.86,9.549642857,100% TQQQ,Hold,285.0280505,0,0,15897.43952
11/13/25,608.4,605.1994,541.29785,10.06107143,100% TQQQ,Hold,285.0280505,0,0,14915.51788
11/14/25,608.86,605.8554,541.7269,10.39892857,100% TQQQ,Hold,285.0280505,0,0,14926.91901
11/17/25,603.66,606.3512,542.13375,10.82892857,100% Cash,"Sell TQQQ, Hold Cash (100%)",0,0,14543.55628,14543.55628
11/18/25,596.31,606.6672,542.52475,11.22607143,100% Cash,Hold,0,0,14543.55628,14543.55628
11/19/25,599.87,607.0506,542.90175,11.35035714,100% Cash,Hold,0,0,14543.55628,14543.55628
11/20/25,585.67,607.0824,543.19585,12.85964286,100% Cash,Hold,0,0,14543.55628,14543.55628
11/21/25,590.07,607.1506,543.4982,13.5375,100% Cash,Hold,0,0,14543.55628,14543.55628